Story ID,Epic ID,Title,Description,Acceptance Criteria,Story Points,Status,Priority,Feature,Value,Requirement,Assignee,Product Manager,Tech Lead,Labels,Created At,Updated At
UAW-001,EPIC-UAW,Create Unified Objects Table Schema,"Create the unified_objects table that will store all architecture artifacts (shapes, diagrams, ADRs, requirements, documents, uploads, external references) with a common schema enabling universal search and traceability.","Feature: Unified Objects Table
  As a system architect
  I want a unified object table
  So that all architecture artifacts can be treated uniformly

Scenario: Create unified objects table
  Given the database needs to support multiple object types
  When I run the migration for unified_objects table
  Then the table should be created with all required fields
  And object types should include: shape, diagram, adr, requirement, document, upload, external
  And indexes should be created for: objectType, vendor, framework, tags, full-text search

Scenario: Insert and query different object types
  Given the unified_objects table exists
  When I insert objects of different types (shape, diagram, requirement)
  Then all objects should be stored successfully
  And I should be able to query by objectType, vendor, framework
  And full-text search should work on name and description
  And query performance should be <100ms",8,backlog,high,,,,,,,database; schema; foundation; backend; size:L; P0,Wed Dec 03 2025 15:44:46 GMT-0500 (Eastern Standard Time),Wed Dec 03 2025 15:44:46 GMT-0500 (Eastern Standard Time)
UAW-002,EPIC-UAW,Create Object References Table,"Create the object_references table to track all relationships between objects, enabling @-mentions, traceability, and backlinks. Supports relationship types: mention, embed, trace, implements, depends_on, derives_from.","Feature: Object References Table
  As an enterprise architect
  I want to track relationships between objects
  So that I can trace dependencies and understand impact

Scenario: Create object references table
  Given objects need to reference each other
  When I run the migration for object_references table
  Then the table should support multiple reference types
  And foreign keys should cascade on delete
  And indexes should enable fast forward and backlink queries

Scenario: Create and query references
  Given I have objects A and B
  When I create a reference from A to B with type='implements'
  Then the reference should be stored with context
  And I should be able to query all references from A
  And I should be able to query all backlinks to B
  And backlinks should update automatically",5,backlog,P0,,,,,,,,Wed Dec 03 2025 15:44:46 GMT-0500 (Eastern Standard Time),Wed Dec 03 2025 15:44:46 GMT-0500 (Eastern Standard Time)
UAW-003,EPIC-UAW,Migrate Canvas Models from localStorage to Database,"Create models table and API endpoints to persist canvas state, replacing localStorage with database storage. Enables sharing, versioning, and collaboration on architecture diagrams.","Feature: Canvas Model Persistence
  As a solutions architect
  I want canvas models saved to the database
  So that I can share them and never lose my work

Scenario: Save canvas model to database
  Given I am on the canvas editor with shapes and connections
  When I click ""Save Model""
  Then the canvas state should be serialized and saved to database
  And I should receive a model ID
  And the model should appear in my models list

Scenario: Load canvas model
  Given I have a saved model with ID 'abc-123'
  When I navigate to /studio?modelId=abc-123
  Then the canvas should load with all shapes and connections
  And I should be able to continue editing

Scenario: Auto-save and no data loss
  Given I am editing a model
  When I make changes
  Then the model should auto-save every 30 seconds
  And refreshing the browser should not lose my work",5,backlog,P0,,,,,,,,Wed Dec 03 2025 15:44:46 GMT-0500 (Eastern Standard Time),Wed Dec 03 2025 15:44:46 GMT-0500 (Eastern Standard Time)
UAW-004,EPIC-UAW,Content Editor Foundation (TipTap Integration),"Integrate TipTap rich text editor as the foundation for architecture document creation. Supports headings, formatting, lists, links, code blocks with ARKHITEKTON theme styling.","Feature: Rich Text Editor
  As an enterprise architect
  I want a rich text editor
  So that I can create architecture documents natively

Scenario: Initialize TipTap editor
  Given I navigate to /wiki/new
  When the page loads
  Then I should see a TipTap editor with floating toolbar
  And I should be able to format text (bold, italic, headings)
  And I should be able to create lists and code blocks

Scenario: Save and load document content
  Given I have created content with various formatting
  When I click ""Save""
  Then content should be saved as ProseMirror JSON
  When I reload the document
  Then all formatting should be preserved exactly",5,backlog,P0,,,,,,,,Wed Dec 03 2025 15:44:46 GMT-0500 (Eastern Standard Time),Wed Dec 03 2025 15:44:46 GMT-0500 (Eastern Standard Time)
UAW-005,EPIC-UAW,Document CRUD UI,"Create UI for creating, reading, updating, and deleting architecture documents. Includes document type selection (ADR, Design Spec, Technical Brief, etc.), search, filtering, and status management.","Feature: Document Management
  As an enterprise architect
  I want to manage architecture documents
  So that I can organize my documentation

Scenario: Create new document with type
  Given I am on the wiki page
  When I click ""New Document"" and select ""Architecture Decision Record""
  Then I should be redirected to the editor with ADR template
  And I should be able to enter content and save

Scenario: View, edit, and delete documents
  Given I have saved documents
  Then I should see a list with title, type, status, last modified
  And I should be able to edit existing documents
  And I should be able to delete with confirmation
  And I should be able to search and filter documents",5,backlog,P0,,,,,,,,Wed Dec 03 2025 15:44:46 GMT-0500 (Eastern Standard Time),Wed Dec 03 2025 15:44:46 GMT-0500 (Eastern Standard Time)
UAW-006,EPIC-UAW,Seed AWS Cloud Shapes as Objects,"Create seeding script to import all 120 AWS cloud icons from /client/public/icons/cloud/aws/ into unified_objects table with proper metadata (vendor, framework, category, SVG path).","Feature: AWS Shape Seeding
  As a solutions architect
  I want AWS shapes available as objects
  So that I can use them in my architecture diagrams

Scenario: Seed AWS shapes
  Given I have 120 AWS SVG icons
  When I run 'npm run seed:aws-shapes'
  Then 120 AWS shape objects should be created
  And each should have vendor='AWS', framework='cloud'
  And visual metadata should include SVG path

Scenario: Query and use AWS shapes
  Given AWS shapes are seeded
  When I search for ""lambda""
  Then I should find AWS Lambda shapes
  And I should be able to use them in canvas modeling",5,backlog,P1,,,,,,,,Wed Dec 03 2025 15:44:46 GMT-0500 (Eastern Standard Time),Wed Dec 03 2025 15:44:46 GMT-0500 (Eastern Standard Time)
UAW-007,EPIC-UAW,"Seed Azure, GCP, IBM Shapes","Extend seeding script to import Azure (100), GCP (45), and IBM (50) cloud icons into unified_objects table. Total 315 cloud vendor shapes available.","Feature: Multi-Vendor Shape Seeding
  As a solutions architect
  I want all cloud vendor shapes available
  So that I can model multi-cloud architectures

Scenario: Seed all vendor shapes
  Given I have icons for Azure, GCP, and IBM
  When I run 'npm run seed:cloud-shapes'
  Then 315 total shapes should be seeded (120 AWS + 100 Azure + 45 GCP + 50 IBM)
  And I should be able to query by vendor
  And each vendor should have correct metadata",5,backlog,P1,,,,,,,,Wed Dec 03 2025 15:44:46 GMT-0500 (Eastern Standard Time),Wed Dec 03 2025 15:44:46 GMT-0500 (Eastern Standard Time)
UAW-017,EPIC-UAW,TOGAF Shape Definitions,"Define and seed TOGAF framework shapes (30+ shapes): ABB, SBB, Actor, Role, Function, Process, Data Entity, Application Component.","Feature: TOGAF Shape Library
  As an enterprise architect
  I want TOGAF shapes available
  So that I can create TOGAF-compliant models

Scenario: Seed TOGAF shapes
  When I run 'npm run seed:togaf-shapes'
  Then 30+ TOGAF shapes should be created
  And metadata should include TOGAF ADM phase
  And I should be able to use them in canvas",3,backlog,P2,,,,,,,,Wed Dec 03 2025 15:44:46 GMT-0500 (Eastern Standard Time),Wed Dec 03 2025 15:44:46 GMT-0500 (Eastern Standard Time)
UAW-008,EPIC-UAW,Object Search API with Filters,"Create API endpoint for searching and filtering unified objects across all types. Supports full-text search, type filters, vendor filters, pagination, and relevance ranking.","Feature: Object Search API
  As a user
  I want to search across all objects
  So that I can quickly find what I need

Scenario: Full-text search
  Given I have shapes and documents
  When I send GET /api/objects/search?q=lambda
  Then I should get matching objects ranked by relevance
  And search should complete in <200ms

Scenario: Filter by type and vendor
  When I send GET /api/objects/search?objectType=shape&vendor=AWS
  Then I should only get AWS shapes
  And pagination should work with limit and offset",2,backlog,P1,,,,,,,,Wed Dec 03 2025 15:44:46 GMT-0500 (Eastern Standard Time),Wed Dec 03 2025 15:44:46 GMT-0500 (Eastern Standard Time)
UAW-009,EPIC-UAW,Object Library Page UI,"Create unified object library page where users can browse, search, and filter all architecture objects (shapes, diagrams, documents, etc.) with grid view, cards, and detail modals.","Feature: Object Library UI
  As an architect
  I want to browse all objects in one place
  So that I can find and reuse architecture artifacts

Scenario: View object library
  Given I navigate to /library
  Then I should see a grid of all objects
  And I should see filters for type, vendor, framework
  And I should be able to search in real-time

Scenario: Filter and preview
  When I select vendor=""AWS"" and objectType=""shape""
  Then I should only see AWS shapes
  When I hover over a card
  Then I should see a preview
  When I click a card
  Then I should see a detail modal",8,backlog,P1,,,,,,,,Wed Dec 03 2025 15:44:46 GMT-0500 (Eastern Standard Time),Wed Dec 03 2025 15:44:46 GMT-0500 (Eastern Standard Time)
UAW-010,EPIC-UAW,Object Detail Modal,"Create modal that displays full details of any object, including metadata, relationships, usage information, and action buttons (Edit, Use in Canvas, Copy, etc.).","Feature: Object Detail Modal
  As an architect
  I want to view complete object details
  So that I understand the object and its relationships

Scenario: View shape details
  Given I click on an AWS Lambda shape
  Then a modal should show full-size icon, name, vendor, metadata
  And I should see ""Use in Canvas"" button

Scenario: View document details with relationships
  Given I click on an ADR document
  Then I should see content preview, status, author, date
  And I should see linked objects (requirements, diagrams)
  And I should see backlinks (who references this)",5,backlog,P1,,,,,,,,Wed Dec 03 2025 15:44:46 GMT-0500 (Eastern Standard Time),Wed Dec 03 2025 15:44:46 GMT-0500 (Eastern Standard Time)
UAW-011,EPIC-UAW,ArchiMate Shape Definitions,"Define and seed core ArchiMate 3.2 shapes (50+ shapes) organized by layer: Business, Application, Technology, Strategy, Physical, Implementation, Motivation.","Feature: ArchiMate Shape Library
  As an enterprise architect
  I want ArchiMate shapes available
  So that I can create standard EA models

Scenario: Seed ArchiMate shapes
  When I run 'npm run seed:archimate-shapes'
  Then 50+ ArchiMate shapes should be created
  And they should be organized by layer
  And each should have standard ArchiMate colors
  And relationship rules should be in metadata",5,backlog,P1,,,,,,,,Wed Dec 03 2025 15:44:46 GMT-0500 (Eastern Standard Time),Wed Dec 03 2025 15:44:46 GMT-0500 (Eastern Standard Time)
UAW-012,EPIC-UAW,@-Mention Parser & Resolution API,Create parser to detect @-mentions in rich text and API to resolve them to actual objects with preview data. Response time must be <100ms for good UX.,"Feature: @-Mention System
  As an architect
  I want to @-mention objects in documents
  So that I can create traceable references

Scenario: Parse @-mentions from text
  Given I have text with ""@REQ-1205"" and ""@ADR-042""
  When I send POST /api/objects/parse-mentions
  Then I should get both mentions identified

Scenario: Resolve @-mention to object
  When I send GET /api/objects/resolve?mention=REQ-1205
  Then I should get object details in <100ms
  And I should get preview data for inline cards

Scenario: Autocomplete @-mentions
  When I send GET /api/objects/autocomplete?q=req
  Then I should get matching objects in <50ms
  And results should be ranked by relevance and usage",8,backlog,P1,,,,,,,,Wed Dec 03 2025 15:44:46 GMT-0500 (Eastern Standard Time),Wed Dec 03 2025 15:44:46 GMT-0500 (Eastern Standard Time)
UAW-013,EPIC-UAW,Backlink Computation System,Implement system to automatically compute and update backlinks when references are created or deleted. Uses database triggers or async jobs for performance.,"Feature: Automatic Backlinks
  As a system
  I want to track backlinks automatically
  So that objects know what references them

Scenario: Create reference updates backlinks
  Given I create a reference from object A to B
  Then object B's backlinks array should include A's ID
  And object B's referenceCount should increment

Scenario: Delete reference updates backlinks
  When I delete the reference from A to B
  Then object B's backlinks should be updated
  And referenceCount should decrement

Scenario: Cascade delete on object deletion
  Given object A references B and C
  When I delete object A
  Then all references from A should be deleted
  And backlinks in B and C should update automatically",5,backlog,P1,,,,,,,,Wed Dec 03 2025 15:44:46 GMT-0500 (Eastern Standard Time),Wed Dec 03 2025 15:44:46 GMT-0500 (Eastern Standard Time)
UAW-014,EPIC-UAW,Unified Search with Ranking,"Enhance search API with relevance ranking (exact match > description > tags > content), popularity boost from referenceCount, and highlighted snippets.","Feature: Enhanced Search
  As a user
  I want relevant search results
  So that I find what I need quickly

Scenario: Search with relevance ranking
  Given objects with ""authentication"" in different fields
  When I search for ""authentication""
  Then results should be ranked: exact name > description > tags
  And popular objects (high referenceCount) should rank higher

Scenario: Highlighted snippets
  When I get search results
  Then matching text should be highlighted
  And I should see context around matches",2,backlog,P2,,,,,,,,Wed Dec 03 2025 15:44:46 GMT-0500 (Eastern Standard Time),Wed Dec 03 2025 15:44:46 GMT-0500 (Eastern Standard Time)
UAW-015,EPIC-UAW,@-Mention Autocomplete in Editor,"Integrate @-mention autocomplete into TipTap editor with real-time suggestions, keyboard navigation, and preview cards on hover.","Feature: Editor @-Mentions
  As an architect writing documents
  I want autocomplete for @-mentions
  So that I can easily reference objects

Scenario: Trigger autocomplete
  Given I am typing in the editor
  When I type ""@""
  Then an autocomplete dropdown should appear
  When I continue typing ""@req""
  Then results should filter in real-time

Scenario: Insert @-mention
  When I select a suggestion
  Then the @-mention should be inserted as a link
  And hovering should show a preview card

Scenario: Keyboard navigation
  Given autocomplete is showing
  Then arrow keys should navigate suggestions
  And Enter should insert the selected item",5,backlog,P1,,,,,,,,Wed Dec 03 2025 15:44:46 GMT-0500 (Eastern Standard Time),Wed Dec 03 2025 15:44:46 GMT-0500 (Eastern Standard Time)
UAW-016,EPIC-UAW,Object Preview Card Component,Create reusable preview card component that shows object details on hover over @-mentions. Displays different content based on object type.,"Feature: Preview Cards
  As a user
  I want to see object previews on hover
  So that I understand references without clicking

Scenario: Hover shows preview
  Given I have a document with ""@REQ-1205""
  When I hover over the @-mention
  Then a preview card should appear after 300ms
  And it should show: type, name, description, status

Scenario: Different previews by type
  Given I hover over a shape @-mention
  Then I should see the shape icon preview
  Given I hover over a requirement
  Then I should see status, priority, source

Scenario: Click to navigate
  Given a preview card is showing
  When I click ""Open""
  Then I should navigate to the object detail page",5,backlog,P1,,,,,,,,Wed Dec 03 2025 15:44:46 GMT-0500 (Eastern Standard Time),Wed Dec 03 2025 15:44:46 GMT-0500 (Eastern Standard Time)
UAW-018,EPIC-UAW,Diagram Embedding in Editor,"Enable embedding canvas diagrams as content blocks in documents (not attachments). Diagrams appear inline with preview, click to open editor modal.","Feature: Diagram Embedding
  As an architect
  I want to embed diagrams in documents
  So that diagrams are part of the document, not attachments

Scenario: Insert new diagram block
  Given I am editing a document
  When I type ""/diagram"" and create new
  Then a mini canvas should appear inline
  And I should be able to add shapes

Scenario: Embed existing diagram
  When I select ""Insert Existing"" diagram
  Then I should see my saved diagrams
  When I select one
  Then it should embed as SVG preview inline

Scenario: Edit embedded diagram
  Given I have an embedded diagram
  When I click ""Edit Diagram""
  Then canvas editor should open in modal
  And changes should update the preview automatically",8,backlog,P0,,,,,,,,Wed Dec 03 2025 15:44:46 GMT-0500 (Eastern Standard Time),Wed Dec 03 2025 15:44:46 GMT-0500 (Eastern Standard Time)
UAW-019,EPIC-UAW,Document Templates,"Create document templates for common architecture artifacts: ADR, Design Spec, Technical Brief, Reference Architecture, Capability Assessment. Pre-populated with structure and guidance.","Feature: Document Templates
  As an architect
  I want document templates
  So that I can quickly create standard documents

Scenario: Create from template
  Given I click ""New Document""
  When I select ""Architecture Decision Record"" template
  Then editor should be pre-populated with ADR structure:
    Title, Status, Context, Decision, Consequences, Alternatives
  And each section should have placeholder guidance

Scenario: Available templates
  Then I should see templates for:
    ADR, Solution Design, Technical Brief, Reference Architecture, Capability Assessment, Blank",5,backlog,P1,,,,,,,,Wed Dec 03 2025 15:44:46 GMT-0500 (Eastern Standard Time),Wed Dec 03 2025 15:44:46 GMT-0500 (Eastern Standard Time)
UAW-020,EPIC-UAW,Document Version History UI,"Add version history tracking and UI to view/restore previous versions. Auto-save creates versions. Show timeline, preview versions, restore, compare diffs.","Feature: Version History
  As an architect
  I want to track document versions
  So that I can review and restore previous versions

Scenario: Auto-save creates versions
  Given I am editing a document
  When auto-save triggers
  Then a new version should be created
  And I should see ""Version 2 saved"" notification

Scenario: View version history
  Given I have a document with 5 versions
  When I click ""Version History""
  Then I should see timeline of all versions
  And I should be able to preview any version

Scenario: Restore previous version
  When I restore version 3
  Then a new version should be created with that content
  And I should see ""Restored to version 3""",5,backlog,P2,,,,,,,,Wed Dec 03 2025 15:44:46 GMT-0500 (Eastern Standard Time),Wed Dec 03 2025 15:44:46 GMT-0500 (Eastern Standard Time)
UAW-021,EPIC-UAW,Document Publishing Workflow UI,"Add workflow UI for document status transitions: Draft → In Review → Approved → Published → Archived. Status badges, permissions, notifications.","Feature: Publishing Workflow
  As an architect
  I want document status workflow
  So that I can control document lifecycle

Scenario: Change status
  Given I have a draft document
  When I select status ""In Review""
  Then status should update
  And badge should reflect change

Scenario: Published document warning
  Given a document is published
  When I try to edit
  Then I should see warning about creating new version",2,backlog,P2,,,,,,,,Wed Dec 03 2025 15:44:46 GMT-0500 (Eastern Standard Time),Wed Dec 03 2025 15:44:46 GMT-0500 (Eastern Standard Time)
UAW-022,EPIC-UAW,Document Versioning API,"Create API endpoints for document version management: create version on save, list versions, retrieve specific version, restore version.","Feature: Version Management API
  As a system
  I want to track document versions
  So that users can restore previous content

Scenario: Create version on save
  Given I update a document via PUT /api/documents/:id
  Then a new version should be created in document_versions
  And versionNumber should increment

Scenario: List and retrieve versions
  When I send GET /api/documents/:id/versions
  Then I should get all versions ordered by versionNumber
  When I GET /api/documents/:id/versions/3
  Then I should get full content of version 3

Scenario: Restore version
  When I POST /api/documents/:id/versions/3/restore
  Then new version should be created with version 3 content",5,backlog,P2,,,,,,,,Wed Dec 03 2025 15:44:46 GMT-0500 (Eastern Standard Time),Wed Dec 03 2025 15:44:46 GMT-0500 (Eastern Standard Time)
UAW-023,EPIC-UAW,Customer Input Objects API,"Create API for storing customer inputs (requirements, feedback, constraints) as unified objects with sourceSystem='customer', enabling linking to deliverables.","Feature: Customer Inputs
  As a solutions architect
  I want to store customer inputs as objects
  So that I can link them to deliverables

Scenario: Create customer requirement
  Given I receive a customer requirement
  When I POST /api/objects with objectType='requirement', sourceSystem='customer'
  Then the object should be created
  And I should be able to @-mention it in documents
  And I should be able to link it to designs

Scenario: Link to deliverable
  Given I have a customer requirement
  When I create a reference from design to requirement with type='derives_from'
  Then I can query ""which deliverables address this requirement""",2,backlog,P1,,,,,,,,Wed Dec 03 2025 15:44:46 GMT-0500 (Eastern Standard Time),Wed Dec 03 2025 15:44:46 GMT-0500 (Eastern Standard Time)
UAW-024,EPIC-UAW,BPMN Shape Definitions,"Define and seed BPMN 2.0 shapes (25+ shapes) for business process modeling: Task, Gateway, Event, Pool, Lane, Data Object.","Feature: BPMN Shape Library
  As a business architect
  I want BPMN shapes available
  So that I can create process diagrams

Scenario: Seed BPMN shapes
  When I run 'npm run seed:bpmn-shapes'
  Then 25+ BPMN shapes should be created
  And shapes should include: Task, Gateway, Event, Pool, Lane
  And each should have standard BPMN visuals",3,backlog,P2,,,,,,,,Wed Dec 03 2025 15:44:46 GMT-0500 (Eastern Standard Time),Wed Dec 03 2025 15:44:46 GMT-0500 (Eastern Standard Time)
UAW-025,EPIC-UAW,Jira Requirements Import,"Implement Jira API integration to import stories/epics as requirement objects. Configure connection, fetch issues, create as unified objects with sourceSystem='jira', sync updates.","Feature: Jira Integration
  As a solutions architect
  I want to import Jira requirements
  So that I can model against actual project requirements

Scenario: Configure Jira connection
  Given I navigate to Settings > Integrations > Jira
  When I enter Jira credentials and test connection
  Then I should see ""Connection successful""

Scenario: Import Jira stories as requirements
  When I select project and click ""Import from Jira""
  Then stories should be created as requirement objects
  And each should have: objectType='requirement', sourceSystem='jira', externalId
  And metadata should include: status, priority, assignee

Scenario: Sync updates
  Given I have imported Jira stories
  When a story is updated in Jira
  And I click ""Sync Now""
  Then the requirement object should be updated
  And references should remain intact",8,backlog,P1,,,,,,,,Wed Dec 03 2025 15:44:46 GMT-0500 (Eastern Standard Time),Wed Dec 03 2025 15:44:46 GMT-0500 (Eastern Standard Time)
UAW-026,EPIC-UAW,Confluence Page Reference Import,Import Confluence pages as external reference objects (objectType='external') to enable linking from ARKHITEKTON documents. Read-only references with metadata and URLs.,"Feature: Confluence References
  As an architect
  I want to reference Confluence pages
  So that I can link to existing documentation

Scenario: Configure Confluence
  Given I enter Confluence credentials
  When I test connection
  Then I should see ""Connection successful""

Scenario: Import pages as references
  When I select a Confluence space
  Then pages should be imported as external objects
  And each should have: objectType='external', sourceSystem='confluence'
  And metadata should include: spaceKey, url, lastModified

Scenario: Link to Confluence page
  Given I imported Confluence pages
  When I @-mention a page in a document
  Then clicking should open Confluence page in new tab",5,backlog,P2,,,,,,,,Wed Dec 03 2025 15:44:46 GMT-0500 (Eastern Standard Time),Wed Dec 03 2025 15:44:46 GMT-0500 (Eastern Standard Time)
UAW-027,EPIC-UAW,External System Sync Status Dashboard,"Create dashboard showing sync status for all integrations (Jira, Confluence). Display last sync time, object counts, health status, manual sync buttons, error logs.","Feature: Sync Status Dashboard
  As an administrator
  I want to see sync status
  So that I know integrations are working

Scenario: View sync status
  Given I navigate to Settings > Integrations
  Then I should see dashboard with:
    Jira: Last synced 2h ago, 45 objects, Status ✅
    Confluence: Last synced 1d ago, 12 objects, Status ⚠️

Scenario: Manual sync
  When I click ""Sync Now"" for Jira
  Then I should see progress indicator
  And when complete: ""Synced. 3 new, 2 updated""

Scenario: View errors
  Given a sync failed
  Then I should see Status ❌ Error
  And error details with retry button",4,backlog,P2,,,,,,,,Wed Dec 03 2025 15:44:46 GMT-0500 (Eastern Standard Time),Wed Dec 03 2025 15:44:46 GMT-0500 (Eastern Standard Time)
UAW-028,EPIC-UAW,External Object Sync Service,"Create reusable sync service for importing objects from external systems with conflict resolution (last-write-wins), upsert logic, and deletion handling.","Feature: Sync Service
  As a system
  I want reusable sync logic
  So that integrations are consistent

Scenario: Sync external objects
  Given external objects from Jira
  When I call syncService.sync('jira', objects)
  Then objects should be upserted to unified_objects
  And existing objects should update if externalId matches
  And sync metadata should be recorded

Scenario: Conflict resolution
  Given object modified in both systems
  When sync runs
  Then last-write-wins should apply (compare timestamps)
  And conflict should be logged

Scenario: Handle deletions
  Given object deleted in Jira
  When sync runs
  Then object should be marked status='archived'
  And references should remain intact",5,backlog,P1,,,,,,,,Wed Dec 03 2025 15:44:46 GMT-0500 (Eastern Standard Time),Wed Dec 03 2025 15:44:46 GMT-0500 (Eastern Standard Time)
UAW-029,EPIC-UAW,Object Relationship Validation,"Add validation to ensure object references follow allowed relationship rules. Validate relationship types per object type, detect circular references, require context where needed.","Feature: Relationship Validation
  As a system
  I want to validate relationships
  So that only valid references are created

Scenario: Validate relationship types
  Given design implements requirement (valid)
  Then reference should be allowed
  Given shape implements requirement (invalid)
  Then I should get error: ""Invalid relationship""

Scenario: Detect circular references
  Given A→B→C
  When I try to create C→A
  Then I should get warning about circular reference

Scenario: Validate context
  Given reference type='mention'
  Then context should be required
  Given reference type='trace'
  Then context is optional",2,backlog,P2,,,,,,,,Wed Dec 03 2025 15:44:46 GMT-0500 (Eastern Standard Time),Wed Dec 03 2025 15:44:46 GMT-0500 (Eastern Standard Time)
UAW-030,EPIC-UAW,Import Wizard UI,"Create step-by-step wizard for importing objects: Select Source → Configure Connection → Select Objects → Map Fields → Review & Import. Support Jira, Confluence, CSV.","Feature: Import Wizard
  As an architect
  I want an import wizard
  So that importing is easy and guided

Scenario: Launch import wizard
  Given I navigate to /library
  When I click ""Import""
  Then I should see wizard steps: Source, Connection, Select, Map, Review

Scenario: Import from Jira
  When I select ""Jira"" source and enter credentials
  And select stories to import
  Then import should start with progress indicator
  And on complete: ""Import complete. 15 requirements created""

Scenario: Field mapping for CSV
  Given I upload CSV
  When I reach ""Map Fields"" step
  Then I should drag-drop to map columns to fields
  And see preview of mapped data",3,backlog,P2,,,,,,,,Wed Dec 03 2025 15:44:46 GMT-0500 (Eastern Standard Time),Wed Dec 03 2025 15:44:46 GMT-0500 (Eastern Standard Time)
UAW-031,EPIC-UAW,Confluence Publishing Engine,"Implement one-way publishing from ARKHITEKTON to Confluence. Convert documents to Confluence Storage Format, export diagrams as SVG attachments, add source-of-truth banner, update existing pages.","Feature: Confluence Publishing
  As an architect
  I want to publish documents to Confluence
  So that ARKHITEKTON is the source of truth

Scenario: Publish document to Confluence
  Given I have a design document with diagrams
  When I click ""Publish"" and select Confluence space
  Then document should convert to Confluence format
  And diagrams should be exported as SVG attachments
  And @-mentions should convert to links
  And new Confluence page should be created

Scenario: Update published document
  Given document is published to Confluence
  When I make changes and publish again
  Then existing Confluence page should be updated
  And I should see ""Published to Confluence""

Scenario: Source of truth banner
  Given document is published
  Then Confluence page should have banner:
    ""⚠️ Source of truth: ARKHITEKTON [Edit in ARKHITEKTON]""
  And clicking link should open document in ARKHITEKTON",10,backlog,P1,,,,,,,,Wed Dec 03 2025 15:44:46 GMT-0500 (Eastern Standard Time),Wed Dec 03 2025 15:44:46 GMT-0500 (Eastern Standard Time)
UAW-032,EPIC-UAW,PDF Export,"Enable exporting documents to PDF with embedded diagrams, proper formatting, ARKHITEKTON branding, and metadata (title, author, version, watermark).","Feature: PDF Export
  As an architect
  I want to export documents to PDF
  So that I can share offline copies

Scenario: Export document to PDF
  Given I have a document with diagrams
  When I click ""Export"" and select ""PDF""
  Then PDF should be generated
  And include: title page, TOC, content with formatting
  And diagrams should be embedded as high-res images
  And I should be able to download

Scenario: PDF styling and metadata
  Then PDF should use ARKHITEKTON branding
  And have header with document title
  And footer with page numbers
  And metadata: Title, Author, Date, Version, Status",5,backlog,P2,,,,,,,,Wed Dec 03 2025 15:44:46 GMT-0500 (Eastern Standard Time),Wed Dec 03 2025 15:44:46 GMT-0500 (Eastern Standard Time)
UAW-033,EPIC-UAW,Traceability Graph API,Create API to query traceability relationships between objects: Strategy → Capability → Requirement → Design → Decision → Implementation. Multi-level traversal with depth control.,"Feature: Traceability Graph
  As an architect
  I want to trace relationships
  So that I understand dependencies end-to-end

Scenario: Get traceability graph
  Given requirement linked to designs and code
  When I send GET /api/objects/:id/traceability
  Then I should get graph with upstream and downstream objects
  And I should be able to traverse multiple levels

Scenario: Trace requirement to implementation
  Given REQ-123 → DOC-456 → GitHub:abc123
  When I query traceability for REQ-123
  Then I should see full chain with relationship types

Scenario: Performance with depth limit
  Given deeply nested relationships
  When I specify maxDepth=5
  Then API should not traverse beyond depth 5
  And should complete in <500ms",8,backlog,P1,,,,,,,,Wed Dec 03 2025 15:44:46 GMT-0500 (Eastern Standard Time),Wed Dec 03 2025 15:44:46 GMT-0500 (Eastern Standard Time)
UAW-034,EPIC-UAW,Impact Analysis API,"Create API to analyze impact of changes to an object. Return direct and indirect impact, total count, impact by type, severity levels based on object status.","Feature: Impact Analysis
  As an architect
  I want impact analysis
  So that I understand change consequences

Scenario: Analyze impact
  Given object A is referenced by B, C, D
  When I send GET /api/objects/A/impact
  Then I should get:
    directImpact: [B, C, D]
    indirectImpact: [objects referencing B, C, D]
    totalImpacted: 10
    impactByType: {diagram: 3, document: 5, requirement: 2}

Scenario: Impact severity
  Then I should see severity levels:
    HIGH: Published documents, approved designs
    MEDIUM: Draft documents
    LOW: Archived objects
  And recommendations for review",2,backlog,P1,,,,,,,,Wed Dec 03 2025 15:44:46 GMT-0500 (Eastern Standard Time),Wed Dec 03 2025 15:44:46 GMT-0500 (Eastern Standard Time)
UAW-035,EPIC-UAW,Traceability Graph Visualization,"Create interactive graph visualization showing traceability relationships. Uses React Flow or D3.js with force-directed layout, zoom/pan, filtering by type and depth.","Feature: Graph Visualization
  As an architect
  I want to visualize traceability
  So that I can see relationships at a glance

Scenario: View traceability graph
  Given I view an object detail page
  When I click ""View Traceability""
  Then I should see interactive graph
  And current object at center
  And upstream objects on left, downstream on right
  And nodes colored by object type

Scenario: Interact with graph
  When I hover over node
  Then I should see tooltip with details
  When I click node
  Then I should navigate to that object
  And I should be able to zoom and pan

Scenario: Filter graph
  When I select ""Show only requirements and designs""
  Then other types should be hidden
  And I should be able to adjust depth level",3,backlog,P1,,,,,,,,Wed Dec 03 2025 15:44:46 GMT-0500 (Eastern Standard Time),Wed Dec 03 2025 15:44:46 GMT-0500 (Eastern Standard Time)
UAW-036,EPIC-UAW,Publishing Status Indicator,"Add visual indicators showing where documents have been published (Confluence, PDF). Badges on document cards, hover shows last published date, click opens target.","Feature: Publishing Status
  As an architect
  I want to see where documents are published
  So that I know their distribution

Scenario: View publishing status
  Given document published to Confluence
  When I view document card
  Then I should see Confluence badge
  And hovering shows: ""Published to Confluence on [date]""
  And clicking opens Confluence page

Scenario: Multiple publish targets
  Given published to Confluence and exported to PDF
  Then I should see both badges: Confluence + PDF
  And each should link to respective target

Scenario: Republish from editor
  Given I am editing published document
  Then I should see banner: ""Published to Confluence""
  And ""Republish"" button
  And last published timestamp",1,backlog,P2,,,,,,,,Wed Dec 03 2025 15:44:46 GMT-0500 (Eastern Standard Time),Wed Dec 03 2025 15:44:46 GMT-0500 (Eastern Standard Time)
US-YQIYUYE,,Implement Canvas Grid Display,Implement implement canvas grid display as part of the Canvas Features feature set.,Feature: Canvas Features,3,backlog,medium,,,,,,,,Mon Dec 08 2025 10:54:15 GMT-0500 (Eastern Standard Time),Mon Dec 08 2025 10:54:15 GMT-0500 (Eastern Standard Time)
US-WJW8UO1,,Implement Canvas Snap to Grid,Implement implement canvas snap to grid as part of the Canvas Features feature set.,Feature: Canvas Features,3,backlog,medium,,,,,,,,Mon Dec 08 2025 10:54:15 GMT-0500 (Eastern Standard Time),Mon Dec 08 2025 10:54:15 GMT-0500 (Eastern Standard Time)
US-CVZDZE4,,Implement Canvas Ruler Display,Implement implement canvas ruler display as part of the Canvas Features feature set.,Feature: Canvas Features,3,backlog,medium,,,,,,,,Mon Dec 08 2025 10:54:15 GMT-0500 (Eastern Standard Time),Mon Dec 08 2025 10:54:15 GMT-0500 (Eastern Standard Time)
US-6J2R2PN,,Implement Canvas Background Color,Implement implement canvas background color as part of the Canvas Features feature set.,Feature: Canvas Features,3,backlog,medium,,,,,,,,Mon Dec 08 2025 10:54:15 GMT-0500 (Eastern Standard Time),Mon Dec 08 2025 10:54:15 GMT-0500 (Eastern Standard Time)
US-4E45MOI,,Implement Canvas Background Image,Implement implement canvas background image as part of the Canvas Features feature set.,Feature: Canvas Features,3,backlog,medium,,,,,,,,Mon Dec 08 2025 10:54:15 GMT-0500 (Eastern Standard Time),Mon Dec 08 2025 10:54:15 GMT-0500 (Eastern Standard Time)
US-TA1FQLY,,Create Business Model Canvas Integration,Implement create business model canvas integration as part of the Business Modeling feature set.,Feature: Business Modeling,3,backlog,medium,,,,,,,,Mon Dec 08 2025 10:54:15 GMT-0500 (Eastern Standard Time),Mon Dec 08 2025 10:54:15 GMT-0500 (Eastern Standard Time)
US-PWFWRT2,,Implement Infinite Canvas with Pan and Zoom,Create infinite scrolling canvas with smooth pan and zoom capabilities for architecture diagrams.,Feature: Infinite Canvas,3,backlog,medium,,,,,,,,Mon Dec 08 2025 10:54:15 GMT-0500 (Eastern Standard Time),Mon Dec 08 2025 10:54:15 GMT-0500 (Eastern Standard Time)
US-T6S13SV,,SPIKE: Evaluate tldraw SDK for ARKHITEKTON Design Studio Integration,"Technical evaluation spike to assess tldraw SDK as replacement for vanilla canvas, focusing on EA framework support, AI integration capabilities, performance benchmarks, and alignment with temporal intelligence architecture vision.",Feature: tldraw SDK Technical Evaluation,3,backlog,medium,,,,,,,,Mon Dec 08 2025 10:54:15 GMT-0500 (Eastern Standard Time),Mon Dec 08 2025 10:54:15 GMT-0500 (Eastern Standard Time)
US-OUW0G7W,,Canvas back navigation to Design Studio home,"Add a back navigation button in the canvas header to allow users to easily return to the Design Studio home page, improving navigation flow.",Given I am on the Design Studio canvas page,3,backlog,medium,,,,,,,,Mon Dec 08 2025 10:54:15 GMT-0500 (Eastern Standard Time),Mon Dec 08 2025 10:54:15 GMT-0500 (Eastern Standard Time)
US-D1YSEOH,,Design Studio landing page foundation with header and responsive layout,"Create the foundational structure for the Design Studio home page before users create diagrams, combining the best UX patterns from Figma, Mural, and Miro with ARKHITEKTON-specific architecture focus.",Given I navigate to the Design Studio,3,backlog,medium,,,,,,,,Mon Dec 08 2025 10:54:15 GMT-0500 (Eastern Standard Time),Mon Dec 08 2025 10:54:15 GMT-0500 (Eastern Standard Time)
US-abe0ab7,,User-friendly undo/redo functionality for canvas actions,"As a design studio user, I want to undo and redo my canvas actions so that I can easily correct mistakes and experiment with designs.",Scenario: Undo a single shape addition,3,backlog,medium,,,,,,,,Mon Dec 08 2025 10:54:15 GMT-0500 (Eastern Standard Time),Mon Dec 08 2025 10:54:15 GMT-0500 (Eastern Standard Time)
US-UI-099,,Consolidate Modeling Pages into Unified Design Studio,"Consolidate Architecture Modeling, Architecture Workspace, and Design Palette into one unified Design Studio page that serves as the single destination for all modeling and design work.",GIVEN I navigate to Design Studio,3,backlog,medium,,,,,,,,Mon Dec 08 2025 10:54:15 GMT-0500 (Eastern Standard Time),Mon Dec 08 2025 10:54:15 GMT-0500 (Eastern Standard Time)
THEN I should see a comprehensive modeling workspace with palette,,canvas,properties,AI assistant,3,backlog,medium,,,,,,,,Mon Dec 08 2025 10:54:15 GMT-0500 (Eastern Standard Time),Mon Dec 08 2025 10:54:15 GMT-0500 (Eastern Standard Time)
US-8FOHUZ5,,Design Canvas Integration,"Connect documentation to live architecture diagrams, embed models, sync design changes, and create living documentation",Scenario: Migrated task functionality,3,backlog,medium,,,,,,,,Mon Dec 08 2025 10:54:15 GMT-0500 (Eastern Standard Time),Mon Dec 08 2025 10:54:15 GMT-0500 (Eastern Standard Time)
US-7MRUJZI,,Canvas Navigation & Viewport Controls,"Build smooth zoom and pan functionality, minimap for large diagrams, viewport bounds management, zoom-to-fit features, and navigation controls for enterprise-scale architecture diagrams.",Scenario: Migrated task functionality,3,backlog,medium,,,,,,,,Mon Dec 08 2025 10:54:15 GMT-0500 (Eastern Standard Time),Mon Dec 08 2025 10:54:15 GMT-0500 (Eastern Standard Time)
US-6WUJ65L,,Visual Modeling Engine,"Build drag-and-drop modeling interface with ArchiMate, BPMN, and cloud architecture support",Scenario: Migrated task functionality,3,backlog,medium,,,,,,,,Mon Dec 08 2025 10:54:15 GMT-0500 (Eastern Standard Time),Mon Dec 08 2025 10:54:15 GMT-0500 (Eastern Standard Time)
US-6G9IEA8,,Visual Modeling Workspace Platform,"Comprehensive drag-and-drop visual modeling interface supporting ArchiMate, BPMN, and cloud architecture with advanced canvas controls, object management, and interactive modeling capabilities.",Scenario: Migrated task functionality,3,backlog,medium,,,,,,,,Mon Dec 08 2025 10:54:15 GMT-0500 (Eastern Standard Time),Mon Dec 08 2025 10:54:15 GMT-0500 (Eastern Standard Time)
US-2HA1UFJ,,"Canvas Testing, Polish & Edge Case Handling","Comprehensive testing of all canvas functionality, performance benchmarking with 500+ objects, edge case handling, UI polish, accessibility improvements, and final integration testing across the entire canvas system.",Scenario: Migrated task functionality,3,backlog,medium,,,,,,,,Mon Dec 08 2025 10:54:15 GMT-0500 (Eastern Standard Time),Mon Dec 08 2025 10:54:15 GMT-0500 (Eastern Standard Time)
US-1NKPPIV,,Drag & Drop from Palette to Canvas,"Implement drag initiation from component palette, ghost/preview shape following cursor, drop zone validation on canvas, and shape creation at drop coordinates.",Scenario: Migrated task functionality,3,backlog,medium,,,,,,,,Mon Dec 08 2025 10:54:15 GMT-0500 (Eastern Standard Time),Mon Dec 08 2025 10:54:15 GMT-0500 (Eastern Standard Time)
US-0IF3KBS,,Create Canvas Infrastructure & Layer Management,"Build main diagram canvas component using react-konva. Implement layer management system (background, objects, connections, UI), viewport management, and zoom/pan controls.",Scenario: Migrated task functionality,3,backlog,medium,,,,,,,,Mon Dec 08 2025 10:54:15 GMT-0500 (Eastern Standard Time),Mon Dec 08 2025 10:54:15 GMT-0500 (Eastern Standard Time)
US-0EETNYV,,Install Canvas Dependencies (Konva.js + React-Konva),"Install and configure Konva.js, react-konva, and TypeScript definitions. Set up basic canvas foundation with proper types and imports.",Scenario: Migrated task functionality,3,backlog,medium,,,,,,,,Mon Dec 08 2025 10:54:15 GMT-0500 (Eastern Standard Time),Mon Dec 08 2025 10:54:15 GMT-0500 (Eastern Standard Time)
US-05VGZPF,,Visual Canvas Implementation,Infinite canvas with smooth zooming/panning,Scenario: Migrated task functionality,3,backlog,medium,,,,,,,,Mon Dec 08 2025 10:54:15 GMT-0500 (Eastern Standard Time),Mon Dec 08 2025 10:54:15 GMT-0500 (Eastern Standard Time)
US-DYIDEFD,,Implement Real-time Story Status Updates from GitHub Events,"Build automation that updates user story status based on GitHub branch activity: opened PR = in-review, merged PR = done, new branch from story ID = in-progress.",Given GitHub sends branch and PR events,3,backlog,medium,,,,,,,,Mon Dec 08 2025 10:54:16 GMT-0500 (Eastern Standard Time),Mon Dec 08 2025 10:54:16 GMT-0500 (Eastern Standard Time)
US-VM-001,,Interactive Canvas with Drag and Drop Modeling,"As an enterprise architect, I want to create architecture diagrams using an interactive canvas with drag and drop functionality so that I can visually model complex systems intuitively and efficiently.",GIVEN I am on the modeling workspace,3,backlog,medium,,,,,,,,Mon Dec 08 2025 10:55:04 GMT-0500 (Eastern Standard Time),Mon Dec 08 2025 10:55:04 GMT-0500 (Eastern Standard Time)
US-GUIDE-001,,Interactive Guided Tours for Features and Workflows,"As a new user, I want interactive guided tours that walk me through features and complex workflows so that I can quickly learn how to use the platform effectively.

**Scenario: Start guided tour for new feature**
- User accesses new feature area
- System detects first-time access
- System offers to start guided tour
- Tour highlights key UI elements with explanatory tooltips
- User completes tour and gains feature understanding

**Scenario: Access tour library**
- User opens help menu
- User views list of available tours
- User selects tour for specific workflow
- Tour plays with interactive steps
- User can pause, restart, or skip tour","GIVEN onboarding and training requirements
WHEN user accesses guided tours
THEN tours provide step-by-step feature walkthroughs
AND tours highlight relevant UI elements
AND tours include interactive practice steps
AND tours can be accessed on-demand from help menu
AND tour completion is tracked per user",8,backlog,medium,,,,,,,,Mon Dec 08 2025 10:56:23 GMT-0500 (Eastern Standard Time),Mon Dec 08 2025 10:56:23 GMT-0500 (Eastern Standard Time)
US-AG069,,Add Modeling Statistics Tracking,Complex metrics for modeling activities including element usage and patterns,GIVEN modeling activities WHEN statistics are tracked THEN metrics are comprehensive AND insights are valuable AND tracking is accurate,5,backlog,low,Activity analytics,,,,,,statistics; metrics; analytics; modeling,Mon Dec 08 2025 10:56:23 GMT-0500 (Eastern Standard Time),Mon Dec 08 2025 10:56:23 GMT-0500 (Eastern Standard Time)
US-AM056,,Add Element Relationship System,Define and manage element relationships with validation and semantic meaning,GIVEN connected elements WHEN relationships are defined THEN relationships are semantically correct AND validation prevents invalid connections AND relationship types are preserved,8,in-progress,high,Architecture relationship modeling,,,,,,relationships; connections; semantics,Mon Dec 08 2025 10:56:23 GMT-0500 (Eastern Standard Time),Mon Dec 08 2025 10:56:23 GMT-0500 (Eastern Standard Time)
US-WS013,,Add Canvas Object Layering,"Z-index management, bring-to-front/send-to-back functionality",GIVEN overlapping objects WHEN user changes layer order THEN objects move front/back correctly AND z-index preserved on save/load AND visual feedback provided,3,backlog,low,Visual organization,,,,,,layers; z-index; organization,Mon Dec 08 2025 10:56:23 GMT-0500 (Eastern Standard Time),Mon Dec 08 2025 10:56:23 GMT-0500 (Eastern Standard Time)
US-WS009,,Implement Canvas Mode Switching,"Select, pan, connect, annotate modes with mode indicators and cursor changes",GIVEN workspace interface WHEN user switches modes THEN cursor changes appropriately AND mode-specific interactions work AND visual indicators show current mode,3,done,medium,Interaction modes,,,,,,modes; interaction; user-experience,Mon Dec 08 2025 10:56:23 GMT-0500 (Eastern Standard Time),Mon Dec 08 2025 10:56:23 GMT-0500 (Eastern Standard Time)
US-WS012,,Implement Canvas Viewport Management,"Viewport bounds, infinite canvas, and viewport indicators for large models",GIVEN large architectural model WHEN user navigates THEN viewport shows current location AND infinite canvas behavior works AND performance maintained with many objects,3,done,medium,Scale handling,,,,,,viewport; scale; performance,Mon Dec 08 2025 10:56:23 GMT-0500 (Eastern Standard Time),Mon Dec 08 2025 10:56:23 GMT-0500 (Eastern Standard Time)
US-WS014,,Create Canvas Grid & Snapping,"Visual grid, snap-to-grid functionality, and grid toggle controls",GIVEN canvas with grid enabled WHEN user moves objects THEN snapping works to grid points AND grid is visually helpful AND can be toggled on/off,3,backlog,medium,Precision alignment,,,,,,grid; snapping; alignment,Mon Dec 08 2025 10:56:23 GMT-0500 (Eastern Standard Time),Mon Dec 08 2025 10:56:23 GMT-0500 (Eastern Standard Time)
US-WS008,,Add Canvas Connection Tools,Visual connection creation between objects with different line types and routing,GIVEN two objects on canvas WHEN user draws connection THEN connection is created with proper routing AND different line types available AND visual feedback during drawing,8,in-progress,high,Object connections,,,,,,connections; relationships; routing,Mon Dec 08 2025 10:56:23 GMT-0500 (Eastern Standard Time),Mon Dec 08 2025 10:56:23 GMT-0500 (Eastern Standard Time)
US-IDE-001,EPIC-IDE-01,Six-Zone IDE Layout Shell,"As a technology architect, I want the Design IDE to display a six-zone layout when I click '+New Model' so that I have a familiar, VS Code-style workspace for modeling.","GIVEN I am on the Design Studio Home page
WHEN I click the '+New Model' button
THEN the Design IDE should launch within 2 seconds
AND display six distinct zones:
  - Activity Bar (Left edge, 48px) - Visible
  - Primary Sidebar (Left, 240px) - Visible
  - Editor Area (Center) - Visible, empty canvas
  - Secondary Sidebar (Right, 280px) - Collapsed
  - Panel Area (Bottom, 150px) - Collapsed
  - Status Bar (Bottom edge, 30px) - Visible
AND the layout should be responsive to window resizing",8,backlog,high,FTR-IDE-001: IDE Layout & Navigation,Familiar VS Code-style interface,"HLR-IDE-001, HLR-IDE-002",,,,design-ide; layout; foundation; mvp,Mon Dec 15 2025 10:32:16 GMT-0500 (Eastern Standard Time),Mon Dec 15 2025 10:32:16 GMT-0500 (Eastern Standard Time)
US-IDE-002,EPIC-IDE-01,Activity Bar Navigation,"As a technology architect, I want to navigate between IDE views using the Activity Bar so that I can quickly switch contexts without losing my place.","GIVEN I am in the Design IDE
WHEN I view the Activity Bar
THEN I should see icons for:
  - Explorer (Model Explorer, Cmd+Shift+E)
  - Search (Search Elements, Cmd+Shift+F)
  - Agents (AI Agents, Cmd+Shift+A)
  - Views (Diagram Views)
  - Settings (IDE Settings)
AND clicking an icon should highlight it with an accent bar
AND open the corresponding panel in the Primary Sidebar",5,backlog,high,FTR-IDE-001: IDE Layout & Navigation,Quick context switching,"HLR-IDE-003, HLR-IDE-004",,,,design-ide; navigation; activity-bar; foundation,Mon Dec 15 2025 10:32:16 GMT-0500 (Eastern Standard Time),Mon Dec 15 2025 10:32:16 GMT-0500 (Eastern Standard Time)
US-IDE-003,EPIC-IDE-01,Resizable Sidebar Panels,"As a technology architect, I want to resize sidebar panels by dragging their edges so that I can customize my workspace for different tasks.","GIVEN I am in the Design IDE
WHEN I hover over the edge between Primary Sidebar and Editor Area
THEN my cursor should change to a resize cursor
AND I should be able to drag to resize between 180px and 400px
AND the Editor Area should adjust accordingly
AND my size preference should persist across sessions",5,backlog,medium,FTR-IDE-001: IDE Layout & Navigation,Customizable workspace,HLR-IDE-005,,,,design-ide; layout; resize; foundation,Mon Dec 15 2025 10:32:16 GMT-0500 (Eastern Standard Time),Mon Dec 15 2025 10:32:16 GMT-0500 (Eastern Standard Time)
US-IDE-004,EPIC-IDE-01,Multi-Tab Model Editor,"As a technology architect, I want to open multiple models in tabs so that I can work on related diagrams simultaneously without losing context.","GIVEN I have a model open in the Editor Area
WHEN I open another model from the Explorer
THEN it should open in a new tab
AND the tab bar should show both model names with icons
AND I should be able to:
  - Switch tabs by clicking
  - Close tabs with the x button
  - Reorder tabs by dragging
  - See unsaved indicators (dot) on modified tabs
AND Cmd+W should close the active tab",8,backlog,high,FTR-IDE-002: Multi-Tab Model Editor,Multi-model workflow,"HLR-IDE-010, HLR-IDE-011",,,,design-ide; tabs; editor; foundation,Mon Dec 15 2025 10:32:16 GMT-0500 (Eastern Standard Time),Mon Dec 15 2025 10:32:16 GMT-0500 (Eastern Standard Time)
US-IDE-005,EPIC-IDE-01,Command Palette Core,"As a technology architect, I want to access all IDE commands through a searchable palette so that I can quickly execute actions without navigating menus.","GIVEN I am in the Design IDE
WHEN I press Cmd+K (Mac) or Ctrl+K (Windows)
THEN a Command Palette should appear centered at top of Editor Area
AND I should see a search input with placeholder 'Type a command...'
AND typing should filter available commands with fuzzy matching
AND I should see commands organized by category:
  - File: Save, Export, Close
  - Edit: Undo, Redo, Copy, Paste
  - View: Zoom In, Zoom Out, Toggle Grid
  - AI: Ask AI, Generate Diagram
AND pressing Enter should execute the selected command
AND pressing Escape should close the palette",8,backlog,high,FTR-IDE-003: Command Palette,Keyboard-driven workflow,"HLR-IDE-020, HLR-IDE-021, HLR-IDE-022",,,,design-ide; command-palette; keyboard; foundation,Mon Dec 15 2025 10:32:16 GMT-0500 (Eastern Standard Time),Mon Dec 15 2025 10:32:16 GMT-0500 (Eastern Standard Time)
US-IDE-006,EPIC-IDE-01,Theme Switching,"As a technology architect, I want to switch between light and dark themes so that I can work comfortably in different lighting conditions.","GIVEN I am in the Design IDE
WHEN I open Settings > Appearance
THEN I should see theme options:
  - Light: Light backgrounds, dark text
  - Dark: Dark backgrounds, light text
  - System: Follow OS preference
AND selecting a theme should apply immediately
AND my preference should persist across sessions
AND the canvas grid should adapt to the theme",5,backlog,low,FTR-IDE-005: Theme & Customization,User comfort,HLR-IDE-030,,,,design-ide; themes; customization; foundation,Mon Dec 15 2025 10:32:17 GMT-0500 (Eastern Standard Time),Mon Dec 15 2025 10:32:17 GMT-0500 (Eastern Standard Time)
US-CVS-001,EPIC-IDE-02,Infinite Canvas Pan and Zoom,"As a technology architect, I want to pan and zoom on an infinite canvas so that I can navigate large architecture diagrams smoothly.","GIVEN I am on the modeling canvas
WHEN I hold Space and drag with the mouse
THEN the canvas should pan smoothly at 60fps minimum
AND when I release Space, I return to select mode

WHEN I hold Ctrl/Cmd and scroll the mouse wheel
THEN the canvas should zoom in/out centered on cursor position
AND zoom range should be 10% to 400%
AND zoom level should display in the Status Bar
AND Cmd+0 should reset to 100% zoom",8,backlog,high,FTR-CVS-001: Infinite Canvas,Smooth navigation,"HLR-CVS-001, HLR-CVS-002, HLR-CVS-003",,,,design-ide; canvas; pan; zoom; foundation,Mon Dec 15 2025 10:32:17 GMT-0500 (Eastern Standard Time),Mon Dec 15 2025 10:32:17 GMT-0500 (Eastern Standard Time)
US-CVS-002,EPIC-IDE-02,Grid and Snap System,"As a technology architect, I want elements to snap to a grid so that I can create well-aligned, professional diagrams.","GIVEN I am on the modeling canvas
WHEN grid snapping is enabled (default)
THEN dragged elements should snap to 10px grid intersections
AND a subtle grid should be visible on the canvas
AND I should be able to toggle grid visibility with Cmd+G
AND I should be able to toggle snapping with Cmd+Shift+G
AND grid size should be configurable: 5px, 10px, 20px",5,backlog,high,FTR-CVS-001: Infinite Canvas,Professional alignment,"HLR-CVS-004, HLR-CVS-005",,,,design-ide; canvas; grid; snap; foundation,Mon Dec 15 2025 10:32:17 GMT-0500 (Eastern Standard Time),Mon Dec 15 2025 10:32:17 GMT-0500 (Eastern Standard Time)
US-CVS-003,EPIC-IDE-02,Smart Alignment Guides,"As a technology architect, I want smart alignment guides to appear when moving elements so that I can easily align components with each other.","GIVEN I have multiple elements on the canvas
WHEN I drag an element near another element
THEN alignment guides should appear showing:
  - Center horizontal: Blue horizontal line
  - Center vertical: Blue vertical line
  - Top edge: Magenta line at top
  - Bottom edge: Magenta line at bottom
  - Left edge: Magenta line at left
  - Right edge: Magenta line at right
AND the dragged element should snap to the guide position
AND guides should disappear when I release the element",5,backlog,medium,FTR-CVS-001: Infinite Canvas,Easy alignment,HLR-CVS-006,,,,design-ide; canvas; alignment; guides; foundation,Mon Dec 15 2025 10:32:17 GMT-0500 (Eastern Standard Time),Mon Dec 15 2025 10:32:17 GMT-0500 (Eastern Standard Time)
US-CVS-004,EPIC-IDE-02,Element Drag and Drop,"As a technology architect, I want to drag elements from the palette onto the canvas so that I can quickly build diagrams.","GIVEN I am viewing the Element Palette
WHEN I drag an element (e.g., AWS Lambda icon) from the palette
THEN a ghost preview should follow my cursor
AND when I drop it on the canvas
THEN the element should be created at the drop position
AND the element should be automatically selected
AND the Properties panel should show element details
AND I should be able to undo with Cmd+Z",8,backlog,high,FTR-CVS-002: Element Manipulation,Quick diagram building,"HLR-CVS-010, HLR-CVS-011",,,,design-ide; canvas; drag-drop; elements; foundation,Mon Dec 15 2025 10:32:17 GMT-0500 (Eastern Standard Time),Mon Dec 15 2025 10:32:17 GMT-0500 (Eastern Standard Time)
US-CVS-005,EPIC-IDE-02,Element Resize and Rotate,"As a technology architect, I want to resize and rotate elements so that I can customize their appearance for my diagrams.","GIVEN I have selected an element on the canvas
THEN I should see resize handles at corners and edges
AND I should see a rotation handle above the element

WHEN I drag a corner handle
THEN the element should resize proportionally
AND when I hold Shift while dragging
THEN the aspect ratio should be maintained

WHEN I drag the rotation handle
THEN the element should rotate around its center
AND holding Shift should snap to 15 degree increments",5,backlog,high,FTR-CVS-002: Element Manipulation,Custom element appearance,"HLR-CVS-012, HLR-CVS-013",,,,design-ide; canvas; resize; rotate; foundation,Mon Dec 15 2025 10:32:17 GMT-0500 (Eastern Standard Time),Mon Dec 15 2025 10:32:17 GMT-0500 (Eastern Standard Time)
US-CVS-006,EPIC-IDE-02,Connection Creation,"As a technology architect, I want to create connections between elements so that I can show relationships and data flows.","GIVEN I have elements on the canvas
WHEN I hover over an element
THEN connection anchor points should appear at top, right, bottom, left

WHEN I drag from an anchor point
THEN a connection line should follow my cursor
AND when I release over another element's anchor
THEN a connection should be created
AND connections should:
  - Auto-route around other elements
  - Update when elements are moved
  - Support arrow heads (start, end, both, none)
  - Be selectable and deletable",10,backlog,high,FTR-CVS-003: Connection System,Show relationships,"HLR-CVS-020, HLR-CVS-021, HLR-CVS-022",,,,design-ide; canvas; connections; foundation,Mon Dec 15 2025 10:32:17 GMT-0500 (Eastern Standard Time),Mon Dec 15 2025 10:32:17 GMT-0500 (Eastern Standard Time)
US-CVS-007,EPIC-IDE-02,Undo/Redo System,"As a technology architect, I want to undo and redo my actions so that I can safely experiment and recover from mistakes.","GIVEN I have made changes to a model
WHEN I press Cmd+Z
THEN the last action should be undone
AND the action should be added to the redo stack

WHEN I press Cmd+Shift+Z
THEN the last undone action should be redone
AND the system should:
  - Support at least 100 operations in history
  - Group rapid consecutive actions (e.g., typing)
  - Show undo/redo state in Edit menu
  - Clear redo stack when new action is performed",8,backlog,high,FTR-CVS-005: Undo/Redo & History,Safe experimentation,"HLR-CVS-030, HLR-CVS-031",,,,design-ide; canvas; undo; redo; history; foundation,Mon Dec 15 2025 10:32:17 GMT-0500 (Eastern Standard Time),Mon Dec 15 2025 10:32:17 GMT-0500 (Eastern Standard Time)
US-CVS-008,EPIC-IDE-02,Multi-Selection Operations,"As a technology architect, I want to select multiple elements and perform bulk operations so that I can efficiently organize my diagrams.","GIVEN I am on the modeling canvas
WHEN I drag a selection box (marquee)
THEN all elements within the box should be selected
AND selected elements should have a combined bounding box

WHEN I Shift+click additional elements
THEN they should be added to the selection

WHEN I have multiple elements selected
THEN I should be able to:
  - Move them together
  - Delete them with one keystroke
  - Align them (top, bottom, left, right, center)
  - Distribute them evenly (horizontal, vertical)",5,backlog,high,FTR-CVS-004: Multi-Selection & Actions,Efficient organization,"HLR-CVS-040, HLR-CVS-041",,,,design-ide; canvas; selection; bulk; foundation,Mon Dec 15 2025 10:32:17 GMT-0500 (Eastern Standard Time),Mon Dec 15 2025 10:32:17 GMT-0500 (Eastern Standard Time)
US-CVS-009,EPIC-IDE-02,Export to PNG/SVG/PDF,"As a technology architect, I want to export my diagrams as images so that I can include them in presentations and documents.","GIVEN I have a diagram on the canvas
WHEN I select File > Export or press Cmd+E
THEN I should see export options:
  - PNG: Resolution: 1x, 2x, 3x
  - SVG: Include fonts: Yes/No
  - PDF: Page size: A4, Letter, Auto
AND I should be able to:
  - Export entire canvas
  - Export only selected elements
  - Choose background: Transparent, White, Canvas color
AND the exported file should download to my device",5,backlog,medium,FTR-CVS-006: Export & Sharing,Shareable diagrams,"HLR-CVS-050, HLR-CVS-051",,,,design-ide; canvas; export; png; svg; foundation,Mon Dec 15 2025 10:32:17 GMT-0500 (Eastern Standard Time),Mon Dec 15 2025 10:32:17 GMT-0500 (Eastern Standard Time)
US-PAL-002,EPIC-IDE-03,Element Search,"As a technology architect, I want to search for elements by name or tag so that I can quickly find specific components.","GIVEN I am viewing the Element Palette
WHEN I type in the search box
THEN results should filter in real-time (debounced 150ms)
AND matching should include:
  - Element name (e.g., 'Lambda' -> AWS Lambda)
  - Tags (e.g., 'compute' -> EC2, Lambda, ECS)
  - Category (e.g., 'aws' -> all AWS elements)
AND search should support fuzzy matching ('lmbd' -> Lambda)
AND results should highlight matching characters
AND pressing Escape should clear the search",5,backlog,high,FTR-PAL-002: Search & Filter,Fast element discovery,"HLR-PAL-010, HLR-PAL-011",,,,design-ide; palette; search; filter; foundation,Mon Dec 15 2025 10:32:17 GMT-0500 (Eastern Standard Time),Mon Dec 15 2025 10:32:17 GMT-0500 (Eastern Standard Time)
US-PAL-003,EPIC-IDE-03,Favorites and Recents,"As a technology architect, I want quick access to my favorite and recently used elements so that I can work faster.","GIVEN I am viewing the Element Palette
THEN I should see sections at the top:
  - Favorites: Elements I've starred (max 12)
  - Recent: Last 8 elements I've used

WHEN I right-click an element
THEN I should see 'Add to Favorites' option
AND favorites should persist across sessions
AND recently used elements should update automatically
AND I should be able to clear recent history",3,backlog,medium,FTR-PAL-005: Favorites & Recents,Faster workflow,"HLR-PAL-020, HLR-PAL-021",,,,design-ide; palette; favorites; recents; intelligence,Mon Dec 15 2025 10:32:17 GMT-0500 (Eastern Standard Time),Mon Dec 15 2025 10:32:17 GMT-0500 (Eastern Standard Time)
US-AGT-001,EPIC-IDE-04,AI Chat Panel UI,"As a technology architect, I want an AI chat panel in the Secondary Sidebar so that I can have conversations with the AI assistant.","GIVEN I am in the Design IDE
WHEN I click the AI icon in the Activity Bar or press Cmd+Shift+A
THEN the Secondary Sidebar should open
AND display the AI Chat Panel with:
  - Header showing 'AI Assistant' and current model (Claude)
  - Agent Mode dropdown selector
  - Scrollable message history area
  - Message input field at bottom
  - Send button (or Enter to send)
AND messages should display with:
  - User messages aligned right
  - AI responses aligned left with avatar
  - Timestamps on hover",5,backlog,high,FTR-AGT-001: AI Chat Panel,AI conversation interface,"HLR-AGT-001, HLR-AGT-002",,,,design-ide; ai; chat; ui; intelligence,Mon Dec 15 2025 10:32:17 GMT-0500 (Eastern Standard Time),Mon Dec 15 2025 10:32:17 GMT-0500 (Eastern Standard Time)
US-AGT-002,EPIC-IDE-04,AI Context Awareness - Canvas State,"As a technology architect, I want the AI to understand my current canvas state so that its suggestions are relevant to my work.","GIVEN I have an architecture diagram on the canvas
WHEN I ask the AI 'What do you see?'
THEN the AI should describe:
  - Elements present (e.g., 'I see an API Gateway connected to 3 Lambda functions')
  - Relationships between elements
  - Overall architecture pattern detected

GIVEN I have elements selected on the canvas
WHEN I ask 'How can I improve this?'
THEN the AI should focus its recommendations on the selected elements
AND reference them by name in its response",8,backlog,high,FTR-AGT-007: Context Awareness,Context-aware AI,"HLR-AGT-010, HLR-AGT-011",,,,design-ide; ai; context; canvas; intelligence,Mon Dec 15 2025 10:32:17 GMT-0500 (Eastern Standard Time),Mon Dec 15 2025 10:32:17 GMT-0500 (Eastern Standard Time)
US-AGT-003,EPIC-IDE-04,AI Context Awareness - Selection Focus,"As a technology architect, I want the AI to focus on my selected elements when I ask questions so that I get targeted advice.","GIVEN I have selected an AWS Lambda element
WHEN I ask 'Add error handling'
THEN the AI should:
  - Recognize the selected Lambda
  - Suggest DLQ (Dead Letter Queue) addition
  - Propose CloudWatch alarms
  - Offer to add these elements to the canvas

GIVEN I have selected multiple elements
WHEN I ask 'Secure this section'
THEN the AI should analyze the selected group as a unit
AND provide security recommendations specific to those components",5,backlog,high,FTR-AGT-007: Context Awareness,Targeted AI advice,"HLR-AGT-012, HLR-AGT-013",,,,design-ide; ai; context; selection; intelligence,Mon Dec 15 2025 10:32:17 GMT-0500 (Eastern Standard Time),Mon Dec 15 2025 10:32:17 GMT-0500 (Eastern Standard Time)
US-AGT-004,EPIC-IDE-04,Inline AI Prompt (Cmd+K),"As a technology architect, I want to invoke AI directly on the canvas with Cmd+K so that I can get quick assistance without leaving my workflow.","GIVEN I am working on the canvas
WHEN I press Cmd+K (or Ctrl+K)
THEN an inline prompt should appear at the cursor position
AND the prompt should show:
  - Text input field with placeholder 'Ask AI...'
  - Context indicator (e.g., '3 elements selected')
  - Recent AI commands dropdown

WHEN I type a command and press Enter
THEN the AI should process the request
AND show a loading indicator
AND display results inline or in the chat panel

WHEN I press Escape
THEN the inline prompt should close",8,backlog,high,FTR-AGT-002: Inline AI Suggestions,Quick AI access,"HLR-AGT-020, HLR-AGT-021",,,,design-ide; ai; inline; cmd-k; intelligence,Mon Dec 15 2025 10:32:17 GMT-0500 (Eastern Standard Time),Mon Dec 15 2025 10:32:17 GMT-0500 (Eastern Standard Time)
US-AGT-005,EPIC-IDE-04,AI Element Generation,"As a technology architect, I want AI to generate elements from natural language so that I can quickly build diagrams by describing what I need.","GIVEN I have invoked inline AI with Cmd+K
WHEN I type 'Add a load balancer connected to 3 web servers'
AND press Enter
THEN the AI should:
  - Create 1 ALB element
  - Create 3 EC2 web server elements
  - Create connections from ALB to each server
  - Position elements in a logical layout (ALB above, servers below)
AND all generated elements should be selected
AND I should be able to undo the entire operation with Cmd+Z

WHEN I type 'Add Redis cache between Lambda and DynamoDB'
THEN the AI should:
  - Identify existing Lambda and DynamoDB elements
  - Create ElastiCache Redis element
  - Insert it between with appropriate connections",10,backlog,high,FTR-AGT-002: Inline AI Suggestions,Natural language diagram building,"HLR-AGT-022, HLR-AGT-023",,,,design-ide; ai; generation; elements; intelligence,Mon Dec 15 2025 10:32:17 GMT-0500 (Eastern Standard Time),Mon Dec 15 2025 10:32:17 GMT-0500 (Eastern Standard Time)
US-AGT-006,EPIC-IDE-04,AI Explain Selection,"As a technology architect, I want AI to explain selected architecture components so that I can document and understand my designs.","GIVEN I have selected elements on the canvas
WHEN I invoke Cmd+K and type 'Explain'
THEN the AI should provide in the chat panel:
  - Overview: What the selected components do together
  - Components: Description of each element
  - Relationships: How they connect and data flows
  - Patterns: Architectural patterns detected
  - Considerations: Potential issues or improvements
AND the explanation should be formatted with headers
AND I should be able to copy the explanation as markdown",5,backlog,medium,FTR-AGT-002: Inline AI Suggestions,AI-powered documentation,HLR-AGT-024,,,,design-ide; ai; explain; documentation; intelligence,Mon Dec 15 2025 10:32:17 GMT-0500 (Eastern Standard Time),Mon Dec 15 2025 10:32:17 GMT-0500 (Eastern Standard Time)
US-AGT-014,EPIC-IDE-04,Agent Mode Dropdown,"As a technology architect, I want to select an Agent Mode from a dropdown so that I can control how the AI responds to my requests.","GIVEN I am in the AI Chat Panel
THEN I should see an Agent Mode dropdown in the header area
AND the dropdown should contain options:
  - Auto (magic wand) - AI selects best mode (default)
  - Question (question mark) - Q&A and explanations
  - Strategize (lightbulb) - Architecture plans and decisions
  - Execute (play) - Make canvas changes with approval
  - Scenarios (grid) - Generate alternative options

WHEN I select a mode
THEN the mode indicator should update
AND the placeholder text should reflect the mode
AND my selection should persist during the session",5,backlog,high,FTR-AGT-003: Agent Mode Selection,Controlled AI behavior,"HLR-AGT-060, HLR-AGT-061, HLR-AGT-062",,,,design-ide; ai; mode-selection; dropdown; intelligence,Mon Dec 15 2025 10:32:17 GMT-0500 (Eastern Standard Time),Mon Dec 15 2025 10:32:17 GMT-0500 (Eastern Standard Time)
US-AGT-015,EPIC-IDE-04,Auto Mode Routing,"As a technology architect, I want Auto mode to intelligently route my prompts so that I get the right type of response without manually selecting modes.","GIVEN Agent Mode is set to 'Auto' (default)
WHEN I submit a prompt
THEN the AI should analyze the intent and route to the appropriate mode:
  - 'What is...', 'Explain...' -> Question
  - 'Plan...', 'Design...' -> Strategize
  - 'Add...', 'Build...', 'Connect...' -> Execute
  - 'What are my options...' -> Scenarios
AND the response should show 'Routed to [Mode]' indicator

WHEN in Question mode
THEN responses should be conversational
AND should NOT modify the canvas

WHEN in Strategize mode
THEN responses should include:
  - Structured steps or phases
  - Considerations and tradeoffs
  - Optionally exportable as ADR or markdown",8,backlog,high,FTR-AGT-003: Agent Mode Selection,Intelligent routing,"HLR-AGT-063, HLR-AGT-064, HLR-AGT-065, HLR-AGT-066",,,,design-ide; ai; auto-mode; routing; intelligence,Mon Dec 15 2025 10:32:17 GMT-0500 (Eastern Standard Time),Mon Dec 15 2025 10:32:17 GMT-0500 (Eastern Standard Time)
US-AGT-016,EPIC-IDE-04,Scenarios Mode - Pattern Options,"As a technology architect, I want Scenarios mode to generate multiple architecture alternatives so that I can compare options before committing to a design.","GIVEN Agent Mode is set to 'Scenarios'
WHEN I submit 'What are my options for handling user authentication?'
THEN the AI should generate 2-4 alternative scenarios
AND each scenario should be displayed as a card with:
  - Pattern Name (e.g., 'Cognito with Social Login')
  - Visual Preview (Thumbnail)
  - Description (2-3 sentences)
  - Pros (Bullet list)
  - Cons (Bullet list)
  - Complexity (Low/Medium/High)
  - Apply Button
AND scenarios should source from:
  - Built-in pattern library
  - User's previous models
  - Web search for best practices

WHEN I click 'Apply This Option'
THEN the system should switch to Execute mode
AND show the diff view for the selected scenario",10,backlog,high,FTR-AGT-006: Scenarios Mode,Architecture alternatives,"HLR-AGT-070, HLR-AGT-071, HLR-AGT-072, HLR-AGT-073",,,,design-ide; ai; scenarios; patterns; options; expertise,Mon Dec 15 2025 10:32:18 GMT-0500 (Eastern Standard Time),Mon Dec 15 2025 10:32:18 GMT-0500 (Eastern Standard Time)
US-AGT-007,EPIC-IDE-04,Execute Mode Toggle,"As a technology architect, I want Execute mode to be available via the dropdown so that I can make canvas changes with approval workflow.","GIVEN I select 'Execute' from the Agent Mode dropdown
THEN the mode indicator should show Execute is active
AND the placeholder should change to 'Describe what to build...'
AND any prompt I submit should:
  - Analyze the current architecture
  - Generate a plan for changes
  - Show proposed changes in diff view
AND Execute mode preferences should:
  - Remember state across sessions
  - Show a first-time explanation tooltip",3,backlog,medium,FTR-AGT-005: Execute Mode & Diff View,Controlled canvas changes,HLR-AGT-067,,,,design-ide; ai; execute-mode; toggle; expertise,Mon Dec 15 2025 10:32:18 GMT-0500 (Eastern Standard Time),Mon Dec 15 2025 10:32:18 GMT-0500 (Eastern Standard Time)
US-AGT-008,EPIC-IDE-04,Execute Mode Multi-Step Planning,"As a technology architect, I want Execute mode to show me its plan before executing so that I understand and approve what it will do.","GIVEN Execute mode is selected
WHEN I submit 'Refactor this monolith to microservices'
THEN the Agent should:
  - Analyze the current architecture
  - Generate a multi-step plan showing steps
  - Display plan with 'Start' and 'Cancel' buttons

WHEN I click 'Start'
THEN the Agent should begin executing
AND show progress indicator for each step
AND pause at configurable checkpoints for approval",10,backlog,medium,FTR-AGT-005: Execute Mode & Diff View,Multi-step planning,HLR-AGT-067,,,,design-ide; ai; execute-mode; planning; expertise,Mon Dec 15 2025 10:32:18 GMT-0500 (Eastern Standard Time),Mon Dec 15 2025 10:32:18 GMT-0500 (Eastern Standard Time)
US-AGT-009,EPIC-IDE-04,Execute Mode Diff View,"As a technology architect, I want to see a diff view of Execute mode changes before applying them so that I can review and approve modifications.","GIVEN Execute mode has completed its analysis
WHEN it proposes changes
THEN a Diff View overlay should appear showing:
  - New elements: Green highlight + '+' badge
  - Removed elements: Red strikethrough + '-' badge
  - Modified elements: Yellow outline + '~' badge
  - Moved elements: Blue dashed line to new position
AND I should see:
  - Summary: 'Adding 5 elements, removing 2, modifying 3'
  - 'Accept All' button (green)
  - 'Reject All' button (red)
  - Ability to click individual changes to accept/reject",10,backlog,medium,FTR-AGT-005: Execute Mode & Diff View,Visual change approval,"HLR-AGT-067, HLR-AGT-068",,,,design-ide; ai; execute-mode; diff; expertise,Mon Dec 15 2025 10:32:18 GMT-0500 (Eastern Standard Time),Mon Dec 15 2025 10:32:18 GMT-0500 (Eastern Standard Time)
US-AGT-010,EPIC-IDE-04,Specialized Agent - Security Architect,"As a technology architect, I want to invoke a Security Architect agent so that I get specialized security analysis and recommendations.","GIVEN I am in the AI Chat Panel
WHEN I type '@SecurityArch' followed by my question
THEN the Security Architect agent should respond
AND responses should:
  - Display Security Architect avatar/icon
  - Show 'Answered by Security Architect'
  - Focus on security concerns:
    - Threat modeling, attack vectors
    - Compliance (OWASP, PCI-DSS, SOC2, HIPAA)
    - Best practices (Zero trust, defense in depth)
    - AWS Security (IAM, WAF, Security Groups, KMS)

WHEN I ask 'Review authentication flow'
THEN the agent should analyze auth-related elements
AND provide security-specific recommendations

NOTE: Specialists work with any Mode (e.g., 'Scenarios + @SecurityArch')",8,backlog,medium,FTR-AGT-004: Specialized Architect Agents,Security expertise,"HLR-AGT-040, HLR-AGT-041",,,,design-ide; ai; agents; security; specialized; expertise,Mon Dec 15 2025 10:32:18 GMT-0500 (Eastern Standard Time),Mon Dec 15 2025 10:32:18 GMT-0500 (Eastern Standard Time)
US-AGT-011,EPIC-IDE-04,Specialized Agent - Data Architect,"As a technology architect, I want to invoke a Data Architect agent so that I get specialized data modeling and governance advice.","GIVEN I am in the AI Chat Panel
WHEN I type '@DataArch' followed by my question
THEN the Data Architect agent should respond
AND responses should focus on:
  - Data modeling (Schema design, normalization)
  - Storage selection (SQL vs NoSQL, data lakes)
  - Data governance (Lineage, quality, privacy)
  - Performance (Indexing, partitioning, caching)

WHEN I ask 'Best database for 10M daily transactions?'
THEN the agent should provide data-focused analysis
AND recommend appropriate storage solutions with reasoning",8,backlog,medium,FTR-AGT-004: Specialized Architect Agents,Data expertise,"HLR-AGT-042, HLR-AGT-043",,,,design-ide; ai; agents; data; specialized; expertise,Mon Dec 15 2025 10:32:18 GMT-0500 (Eastern Standard Time),Mon Dec 15 2025 10:32:18 GMT-0500 (Eastern Standard Time)
US-AGT-012,EPIC-IDE-04,Specialized Agent - Cloud Architect,"As a technology architect, I want to invoke a Cloud Architect agent so that I get specialized cloud infrastructure guidance.","GIVEN I am in the AI Chat Panel
WHEN I type '@CloudArch' followed by my question
THEN the Cloud Architect agent should respond
AND responses should focus on:
  - AWS/Azure/GCP service selection and best practices
  - Cost optimization (Right-sizing, reserved instances)
  - Availability (Multi-AZ, multi-region, failover)
  - Scalability (Auto-scaling, load balancing, CDN)
  - Well-Architected Framework
AND the agent should detect which cloud provider is in use
AND tailor recommendations accordingly",8,backlog,medium,FTR-AGT-004: Specialized Architect Agents,Cloud expertise,"HLR-AGT-044, HLR-AGT-045",,,,design-ide; ai; agents; cloud; specialized; expertise,Mon Dec 15 2025 10:32:18 GMT-0500 (Eastern Standard Time),Mon Dec 15 2025 10:32:18 GMT-0500 (Eastern Standard Time)
US-AGT-013,EPIC-IDE-04,Agent Auto-Routing,"As a technology architect, I want the AI to automatically route my questions to the appropriate specialized agent so that I get expert answers without knowing which agent to invoke.","GIVEN I ask a question without specifying an agent
WHEN the question is domain-specific
THEN the system should auto-route:
  - 'security, threat, compliance' -> @SecurityArch
  - 'database, schema, data model' -> @DataArch
  - 'AWS, Azure, cloud, scaling' -> @CloudArch
  - 'network, VPC, firewall' -> @InfraArch
  - 'API, integration, messaging' -> @IntegrationArch
AND display 'Answered by [Agent Name]' in the response
AND allow user to redirect: 'Ask @DataArch instead'",5,backlog,low,FTR-AGT-004: Specialized Architect Agents,Automatic expertise routing,"HLR-AGT-050, HLR-AGT-051",,,,design-ide; ai; agents; routing; auto; expertise,Mon Dec 15 2025 10:32:18 GMT-0500 (Eastern Standard Time),Mon Dec 15 2025 10:32:18 GMT-0500 (Eastern Standard Time)
US-VAL-001,EPIC-IDE-05,Real-time Validation Engine,"As a technology architect, I want real-time validation of my diagrams so that I catch errors and maintain quality standards.","GIVEN I am modeling on the canvas
THEN the validation engine should continuously check for:
  - Connections: Invalid relationship types
  - Naming: Missing or duplicate names
  - Properties: Required fields not set
  - Patterns: Anti-patterns detected
  - Completeness: Orphaned elements, dead ends
AND validation should run:
  - On element creation
  - On element modification
  - On connection changes
  - Debounced at 500ms for performance
AND validation issues should appear:
  - As visual indicators on affected elements
  - In the Problems Panel",8,backlog,high,FTR-VAL-001: Real-time Validation,Quality assurance,"HLR-VAL-001, HLR-VAL-002, HLR-VAL-003",,,,design-ide; validation; real-time; quality; intelligence,Mon Dec 15 2025 10:32:18 GMT-0500 (Eastern Standard Time),Mon Dec 15 2025 10:32:18 GMT-0500 (Eastern Standard Time)
US-VAL-002,EPIC-IDE-05,Problems Panel Display,"As a technology architect, I want to see all validation issues in a Problems Panel so that I can systematically address them.","GIVEN I have validation issues in my model
WHEN I click 'Problems' in the Panel Area tabs
THEN I should see a list of issues with:
  - Severity: Error (red), Warning (yellow), Info (blue)
  - Message: Description of the issue
  - Element: Name of affected element
  - Location: Click to select element on canvas
AND issues should be sortable by severity
AND I should see counts: '1 Error, 3 Warnings, 2 Info'
AND clicking an issue should select and zoom to the element",5,backlog,high,FTR-VAL-002: Problems Panel,Issue tracking,"HLR-VAL-010, HLR-VAL-011",,,,design-ide; validation; problems-panel; quality; intelligence,Mon Dec 15 2025 10:32:18 GMT-0500 (Eastern Standard Time),Mon Dec 15 2025 10:32:18 GMT-0500 (Eastern Standard Time)
US-VAL-003,EPIC-IDE-05,Quick Fix Actions,"As a technology architect, I want quick fix suggestions for validation issues so that I can resolve problems efficiently.","GIVEN I have a validation issue
WHEN I hover over the issue in Problems Panel
THEN I should see a lightbulb icon for available fixes
AND clicking should show quick fix options:
  - Missing name: 'Add default name', 'Edit properties'
  - Invalid connection: 'Change type to X', 'Remove connection'
  - Orphaned element: 'Connect to nearest', 'Delete element'
  - Missing encryption: 'Add KMS encryption', 'Ignore this time'
AND clicking a fix should apply it immediately
AND the fix should be undoable with Cmd+Z
AND AI-suggested fixes should be marked with sparkle icon",8,backlog,medium,FTR-VAL-004: Quick Fixes,Quick issue resolution,"HLR-VAL-020, HLR-VAL-021",,,,design-ide; validation; quick-fix; quality; intelligence,Mon Dec 15 2025 10:32:18 GMT-0500 (Eastern Standard Time),Mon Dec 15 2025 10:32:18 GMT-0500 (Eastern Standard Time)