Row ID,Aligned & Done,Level 1 ID,Level 1 (Business Area),Level 1 Description,Level 2 ID,Level 2 (Capability),Level 2 Description,Level 3 ID,Level 3 (Process Group),Level 3 Description,Business Process Level 1,Business Process 2 (if applicable),Journey Subject Area ID,Journey Subject Area Description,Strategic Intent/Objective,Key Results,"Tool, Technology or Product Aligned to Execute the Process","Tool, Technology or Product Description",Business Requirement,App Feature (If Applicable)," Tool, Technology or Product Vendor Organization","Description of Tool, Technology or Product"," Tool, Technology or Product Version",State Variance (If applicable),Product/ Project / Initiative Name(s) in flight to make changes,Project COUNT in flight to make changes,Hosting Environment,Last Reviewed (Should be annually),Core Application (Yes/No),Critical Application (Yes/No),"Tier Level (1, 2, 3)",Business Process Classifaction,Business Impact,Risk Level,Risk Assessment Completed (Yes / No),Link to Risk Assessment,Number of Users,Ownership Classification,Responsible Technology Group,Reusable (Yes/No),"Business Scope Intent (Global, Enterprise, Business Unit)",Value Type,Annual Spend / Cost,YTD Cost of Ownership,Total CAPEX,Total OPEX,Link to Break down,Site or Group's of sites link,Used by External Customers (Yes/No) -- Add Who,Original Deplyment Date,Years Owned To Date (Current Date - Original Deployment Date),# of System Changes to date,# of Non-System Changes,# of Trouble Tickets,# of Incident Tickets,Technical Gap Assesed Observed/Experienced,"Would this Tool/Technology be considered Stable, Modern or Differentiated?",Is it well-architected?,"If not, what well-architected category is at risk - explain.","If we have experienced a gap, or the Tool/Technoloyg is not stable, modern or a differentiator, what would be recommended?",List the Tool(s) with the same Capability execution (Each Tool has separate line),,,,,,,,,
1,,1,Customer Experience,"Encapsulates everything a business or an organization does to put customers first, managing their journeys and serving their needs.",,,,,,,,,,,,,,,,,,,,,,,,,,,,,,,,,,,,,,,,,,,,,,,,,,,,,,,,,,,,,,,,,,
1,,1,Customer Experience,,1.1,Customer Experience Management,The process by which GTI delivers exceptional seamless and personalised omni-channel customer experiences,,,,,,,,,,,,,,,,,,,,,,,,,,,,,,,,,,,,,,,,,,,,,,,,,,,,,,,,,,,,,,,
1,,1,Customer Experience,,1.1,Customer Experience Management,,1.1.1,Customer Experience Development,The design and development of customer journeys across all inbound and outbound channels and customer touchpoints.,,,,,,,LucidCharts,,,,,,,,,,,,,,,,,,,,,,,,,,,,,,,,,,,,,,,,,,,,,,,,,,,,,
1,,1,Customer Experience,,1.1,Customer Experience Management,,1.1.2,Customer Experience Personalization,"The tailoring of individual customer journeys and application of personalised content, which may or may not relate to a campaign based on customer interaction and broader insight. Determines in real-time a next best action e.g. product recommendation based upon customer activity in the channel.",,,,,,,Mixpanel,,,,,,,,,,,,,,,,,,,,,,,,,,,,,,,,,,,,,,,,,,,,,,,,,,,,,
1,,1,Customer Experience,,1.1,Customer Experience Management,,1.1.3,Customer Retail Store Location Management,"A place where a business sells goods in person. From traditional freestanding brick-and-mortar stores to mall space, the best retail location is in a high-traffic area where your potential customers are known to shop.",,,,,,,Location Database (Not Available),,,,,,,,,,,,,,,,,,,,,,,,,,,,,,,,,,,,,,,,,,,,,,,,,,,,,
1,,1,Customer Experience,,1.1,Customer Experience Management,,1.1.4,Customer Engagement Measurement,The capture and analysis of information related to the level of engagement of a customer or set of customers.,,,,,,,Mixpanel,,,,,,,,,,,,,,,,,,,,,,,,,,,,,,,,,,,,,,,,,,,,,,,,,,,,,
1,,1,Customer Experience,,1.1,Customer Experience Management,,1.1.5,Customer Marketing Management,The transmission of information with customers to produce a specific outcome; mostly informational communications,,,,,,,SpringBig,,,,,,,,,,,,,,,,,,,,,,,,,,,,,,,,,,,,,,,,,,,,,,,,,,,,,
1,,1,Customer Experience,,1.1,Customer Experience Management,,1.1.6,Customer Channel Management,"Channel management is about coordinating a mix of internal channels, such as proprietary retail and e-commerce, and third-party sellers",,,,,,,Mixpanel,,,,,,,,,,,,,,,,,,,,,,,,,,,,,,,,,,,,,,,,,,,,,,,,,,,,,
1,,1,Customer Experience,,1.2,Customer Profile Management,"Registration, authentication and management of a customer's information to enable use of our services.",,,,,,,,,,,,,,,,,,,,,,,,,,,,,,,,,,,,,,,,,,,,,,,,,,,,,,,,,,,,,,,
1,,1,Customer Experience,,1.2,Customer Profile Management,,1.2.1,Customer Identity Management,"Enables us to securely capture and manage customer digital recognition data, facilitates federated identity, allows us to control customer access to applications and services & allows us to verify a persons identity online.",,,,,,,,,,,,,,,,,,,,,,,,,,,,,,,,,,,,,,,,,,,,,,,,,,,,,,,,,,,,
1,,1,Customer Experience,,1.2,Customer Profile Management,,1.2.2,Customer 360 Management,"Unifies all of our 1st party customer data (both master data & transactional data) into a 360 view, using algorithms to match profiles from multiple systems of record.  Data can be enriched by 3rd party Identity Graphs.",,,,,,,,,,,,,,,,,,,,,,,,,,,,,,,,,,,,,,,,,,,,,,,,,,,,,,,,,,,,
1,,1,Customer Experience,,1.2,Customer Profile Management,,1.2.3,Customer Account Management,"Enables a retail or healthcare customer to register to use any of our services both online or offline, to provide & maintain personal / demographic information including consents & preferences, 'non-core' information such as favourite brands and 'healthcare' data such as conditions or allergies. ",,,,,,,,,,,,,,,,,,,,,,,,,,,,,,,,,,,,,,,,,,,,,,,,,,,,,,,,,,,,
1,,1,Customer Experience,,1.2,Customer Profile Management,,1.2.4,Customer Preference Management,"Giving users privacy control, these tools help to build trust and boost user engagement. Helps us balance personalization with privacy, enable compliance with data protection laws, and empower your customers to take control of their data. ",,,,,,,,,,,,,,,,,,,,,,,,,,,,,,,,,,,,,,,,,,,,,,,,,,,,,,,,,,,,
1,,1,Customer Experience,,1.3,Customer Service Management,Provision of customer support services to ensure customer satisfaction,,,,,,,,,,,,,,,,,,,,,,,,,,,,,,,,,,,,,,,,,,,,,,,,,,,,,,,,,,,,,,,
1,,1,Customer Experience,,1.3,Customer Service Management,,1.3.1,Customer Satisfaction Management,"The provision, deployment and management of surveys and feedback mechanisms to enable the measurement and monitoring of customer satisfaction.",,,,,,,,,,,,,,,,,,,,,,,,,,,,,,,,,,,,,,,,,,,,,,,,,,,,,,,,,,,,
1,,1,Customer Experience,,1.3,Customer Service Management,,1.3.2,Customer Interaction Management,"Processes and tools that are used to manage customer contact across and within channels. Includes inbound contact , self serve, automation, routing and queuing of inbound contact and outbound contact, enabling consistent and aligned communication across channels.",,,,,,,,,,,,,,,,,,,,,,,,,,,,,,,,,,,,,,,,,,,,,,,,,,,,,,,,,,,,
1,,1,Customer Experience,,1.3,Customer Service Management,,1.3.3,Customer Case Management,"Processes and tools that the customer service organization uses to capture, resolve, and report on customer issues. Case management may include workflow, SLA and escalation functionality",,,,,,,,,,,,,,,,,,,,,,,,,,,,,,,,,,,,,,,,,,,,,,,,,,,,,,,,,,,,
1,,1,Customer Experience,,1.3,Customer Service Management,,1.3.4,Customer Knowledge Management,"A set of process and tools that allow the creation, sharing, use of and management of knowledge and information within the organization. Knowledge Management may be surfaced internally or externally to customers. KM includes the ability to create, approve, workflow and make available Knowledge to end consumers",,,,,,,,,,,,,,,,,,,,,,,,,,,,,,,,,,,,,,,,,,,,,,,,,,,,,,,,,,,,
1,,1,Customer Experience,,1.3,Customer Service Management,,1.3.5,Customer Contact Center Management,"A set of tools and processes used by the contact center to improve and drive operational efficiency and agent performance through Workforce management, Quality Management, Call recording, Training, and operational insight",,,,,,,,,,,,,,,,,,,,,,,,,,,,,,,,,,,,,,,,,,,,,,,,,,,,,,,,,,,,
1,,1,Customer Experience,,1.3,Customer Service Management,,1.3.6,Customer Appointment Management,"To plan, coordinate, and control schedules, tasks, and using various techniques to make time use more efficient. ",,,,,,,,,,,,,,,,,,,,,,,,,,,,,,,,,,,,,,,,,,,,,,,,,,,,,,,,,,,,
1,,1,Customer Experience,,1.4,Customer Content Management,"Manage content and assets, allowing multiple contributors to create, edit, publish and distribute content across channels.",,,,,,,,,,,,,,,,,,,,,,,,,,,,,,,,,,,,,,,,,,,,,,,,,,,,,,,,,,,,,,,
1,,1,Customer Experience,,1.4,Customer Content Management,,1.4.1,Creative Development,"The processes and tools associated the generation, creation and approval of content and  assets for use across multiple channels and campaigns; usually in response to a  brief. ",,,,,,,,,,,,,,,,,,,,,,,,,,,,,,,,,,,,,,,,,,,,,,,,,,,,,,,,,,,,
1,,1,Customer Experience,,1.4,Customer Content Management,,1.4.2,Content & Asset Lifecycle Management,"The management of images, templates, forms and other assets, including rules around housekeeping, tagging of the metadata and policy information around rights of use. ",,,,,,,,,,,,,,,,,,,,,,,,,,,,,,,,,,,,,,,,,,,,,,,,,,,,,,,,,,,,
1,,1,Customer Experience,,1.4,Customer Content Management,,1.4.3,Customer Generated Content Management,"Management and regulation of content that is generated and shared by customers, including ratings and review and social media content. ",,,,,,,,,,,,,,,,,,,,,,,,,,,,,,,,,,,,,,,,,,,,,,,,,,,,,,,,,,,,
1,,1,Customer Experience,,1.5,Customer Marketing Management,"Planning and execution of brand, product and services marketing",,,,,,,,,,,,,,,,,,,,,,,,,,,,,,,,,,,,,,,,,,,,,,,,,,,,,,,,,,,,,,,
1,,1,Customer Experience,,1.5,Customer Marketing Management,,1.5.1,Brand Management,"Strategy, definition and execution for the positioning of [...] brands in the marketplace to increase brand awareness and customer loyalty",,,,,,,,,,,,,,,,,,,,,,,,,,,,,,,,,,,,,,,,,,,,,,,,,,,,,,,,,,,,
1,,1,Customer Experience,,1.5,Customer Marketing Management,,1.5.2,Campaign Management,"The planning, execution, tracking of a specific marketing initiative. A campaign will typically be associated with an segment and will require creative content",,,,,,,,,,,,,,,,,,,,,,,,,,,,,,,,,,,,,,,,,,,,,,,,,,,,,,,,,,,,
1,,1,Customer Experience,,1.5,Customer Marketing Management,,1.5.3,Marketing Insights Management,"Analysis of campaign effectiveness, through enabling specific conversions. e.g. sales to be attributed to the campaign",,,,,,,,,,,,,,,,,,,,,,,,,,,,,,,,,,,,,,,,,,,,,,,,,,,,,,,,,,,,
1,,1,Customer Experience,,1.5,Customer Marketing Management,,1.5.4,Media Channel Management,The processes and tools that ensure optimal placement of media across all channels to maximise brand awareness.,,,,,,,,,,,,,,,,,,,,,,,,,,,,,,,,,,,,,,,,,,,,,,,,,,,,,,,,,,,,
1,,1,Customer Experience,,1.5,Customer Marketing Management,,1.5.5,Personalized Incentive Management,"The process by which individually personalized incentives (coupons, offers, events etc) are allocated to specific customers.",,,,,,,,,,,,,,,,,,,,,,,,,,,,,,,,,,,,,,,,,,,,,,,,,,,,,,,,,,,,
1,,1,Customer Experience,,1.6,Customer Order Management,End-to-end management of the ordering and return of products and services,,,,,,,,,,,,,,,,,,,,,,,,,,,,,,,,,,,,,,,,,,,,,,,,,,,,,,,,,,,,,,,
1,,1,Customer Experience,,1.6,Customer Order Management,,1.6.1,Inventory Availability Management,"Real time arrangement of visibility of inventory across all selling channels (Stores, online etc)",,,,,,,,,,,,,,,,,,,,,,,,,,,,,,,,,,,,,,,,,,,,,,,,,,,,,,,,,,,,
1,,1,Customer Experience,,1.6,Customer Order Management,,1.6.2,Order Fulfillment Determination,"Determines fulfilment options and selects optimal supply route, considering factors including eligibility rules, delivery calendars, cost to fill, resource capacity, margin maximisation",,,,,,,,,,,,,,,,,,,,,,,,,,,,,,,,,,,,,,,,,,,,,,,,,,,,,,,,,,,,
1,,1,Customer Experience,,1.6,Customer Order Management,,1.6.3,Order Lifecycle Management,"Manages the end-to-end order lifecycle, including creation, modification, cancellation, splitting, merging, bundling, holding, pre-orders and back-orders.",,,,,,,,,,,,,,,,,,,,,,,,,,,,,,,,,,,,,,,,,,,,,,,,,,,,,,,,,,,,
1,,1,Customer Experience,,1.6,Customer Order Management,,1.6.4,Returns Management,"Management of customer returns, including determining disposition end-to-end lifecycle and re-entry of inventory into the supply chain where possible.",,,,,,,,,,,,,,,,,,,,,,,,,,,,,,,,,,,,,,,,,,,,,,,,,,,,,,,,,,,,
1,,1,Customer Experience,,1.7,Customer Transaction Management,"Ability to manage and execute a transaction across multiple channels, including application of relevant pricing, promotions and payment options while managing payments, refunds and receipting.",,,,,,,,,,,,,,,,,,,,,,,,,,,,,,,,,,,,,,,,,,,,,,,,,,,,,,,,,,,,,,,
1,,1,Customer Experience,,1.7,Customer Transaction Management,,1.7.1,Cart Management,"Provides the ability for a cart to be managed across all channels, including session management, re-use of customer account information, presenting product recommendations, informing of missed promotions, the entry of promo codes, etc.  ",,,,,,,,,,,,,,,,,,,,,,,,,,,,,,,,,,,,,,,,,,,,,,,,,,,,,,,,,,,,
1,,1,Customer Experience,,1.7,Customer Transaction Management,,1.7.2,Customer Checkout Execution,"Calculates the final price of a cart for items across different channels and geographies. Applies promotions and loyalty rewards/offers to a basket, considering exemptions and other basket rules. Includes tax calculation. ",,,,,,,,,,,,,,,,,,,,,,,,,,,,,,,,,,,,,,,,,,,,,,,,,,,,,,,,,,,,
1,,1,Customer Experience,,1.7,Customer Transaction Management,,1.7.3,Payments Management,"Includes payments acceptance, fraud, recurring payments, and management of refunds.",,,,,,,,,,,,,,,,,,,,,,,,,,,,,,,,,,,,,,,,,,,,,,,,,,,,,,,,,,,,
1,,1,Customer Experience,,1.7,Customer Transaction Management,,1.7.4,Receipts Management,"Provides a view/record of the 'transient' transaction, including information of returns and refunds issued. Issued to customers and available for the duration of the refund period. ",,,,,,,,,,,,,,,,,,,,,,,,,,,,,,,,,,,,,,,,,,,,,,,,,,,,,,,,,,,,
1,,1,Customer Experience,,1.8,Customer Loyalty Management,"a set of strategies, techniques, and tools that companies use to attract, engage, and retain customers.",,,,,,,,,,,,,,,,,,,,,,,,,,,,,,,,,,,,,,,,,,,,,,,,,,,,,,,,,,,,,,,
1,,1,Customer Experience,,1.8,Customer Loyalty Management,,1.8.1,Customer Loyalty Strategy Management,"Customer retention strategies that motivate customers to continue buying from a company instead of competitors and delivers insights and helps to build customer relationships by being open, modular, and simple.",,,,,,,,,,,,,,,,,,,,,,,,,,,,,,,,,,,,,,,,,,,,,,,,,,,,,,,,,,,,
1,,1,Customer Experience,,1.8,Customer Loyalty Management,,1.8.2,Customer Loyalty Program Execution,"Program execution is about setting clear and achievable goals by understanding customers through research in order to offer value, design reward opportunities, plan finances (balance sheet), while monitoring and adjusting where necessary.",,,,,,,,,,,,,,,,,,,,,,,,,,,,,,,,,,,,,,,,,,,,,,,,,,,,,,,,,,,,
1,,1,Customer Experience,,1.8,Customer Loyalty Management,,1.8.3,Customer Loyalty Account Management,"A strategy that involves tools and tactics to acquire, engage, and retain customers analyzing customer behavior and feedback to improve customer satisfaction and loyalty. ",,,,,,,,,,,,,,,,,,,,,,,,,,,,,,,,,,,,,,,,,,,,,,,,,,,,,,,,,,,,
1,,1,Customer Experience,,1.8,Customer Loyalty Management,,1.8.4,Customer Loyalty Rewards Management,"Managing the customer's attributes that contribute towards points, tiering, spend, subscription services and referrals.",,,,,,,,,,,,,,,,,,,,,,,,,,,,,,,,,,,,,,,,,,,,,,,,,,,,,,,,,,,,
2,,2,Retail,Merchandising across all channels and operations management of stores,,,,,,,,,,,,,,,,,,,,,,,,,,,,,,,,,,,,,,,,,,,,,,,,,,,,,,,,,,,,,,,,,,
2,,2,Retail,,2.1,Commercial Planning,"The translation of business strategy into a sales and profit plan, and strategic planning of store ranges",,,,,,,,,,,,,,,,,,,,,,,,,,,,,,,,,,,,,,,,,,,,,,,,,,,,,,,,,,,,,,,
2,,2,Retail,,2.1,Commercial Planing,,2.1.1,Merchandise Planning Management,"Setting of ‘bottom-up’ sales and profit contribution for the year, on weekly, monthly, quarterly basis.",,,,,,,,,,,,,,,,,,,,,,,,,,,,,,,,,,,,,,,,,,,,,,,,,,,,,,,,,,,,
2,,2,Retail,,2.1,Commercial Planing,,2.1.2,Store Clustering Management,"Within store formats (convenience, destination etc), grouping of stores to receive the same product range",,,,,,,,,,,,,,,,,,,,,,,,,,,,,,,,,,,,,,,,,,,,,,,,,,,,,,,,,,,,
2,,2,Retail,,2.2,Product Portfolio Management,Management of the portfolio and new product development of private label and own-brand products,,,,,,,,,,,,,,,,,,,,,,,,,,,,,,,,,,,,,,,,,,,,,,,,,,,,,,,,,,,,,,,
2,,2,Retail,,2.2,Product Portfolio Management,,2.2.1,Category Management,Management of the portfolio of private label and own-brand products,,,,,,,,,,,,,,,,,,,,,,,,,,,,,,,,,,,,,,,,,,,,,,,,,,,,,,,,,,,,
2,,2,Retail,,2.2,Product Portfolio Management,,2.2.2,New Product Development,Manage the development lifecycle of new private label and own-brand products,,,,,,,,,,,,,,,,,,,,,,,,,,,,,,,,,,,,,,,,,,,,,,,,,,,,,,,,,,,,
2,,2,Retail,,2.3,Merchandise Management,Determination of the optimum range of products to be sold and the store and shelf locations to sell them,,,,,,,,,,,,,,,,,,,,,,,,,,,,,,,,,,,,,,,,,,,,,,,,,,,,,,,,,,,,,,,
2,,2,Retail,,2.3,Merchandise Management,,2.3.1,Product Assortment Management,"Determines optimal mix of categories across formats/clusters and of products in a category ie. the assortment, considering both the range (which categories/products) and distribution (which stores/channels)",,,,,,,,,,,,,,,,,,,,,,,,,,,,,,,,,,,,,,,,,,,,,,,,,,,,,,,,,,,,
2,,2,Retail,,2.3,Merchandise Management,,2.3.2,Product Positioning Planning,"Design of individual store layout to assign category modules to locations, and design of shelf layout (Planogram), publication to stores to enable layout execution and generation of assortments listings which control store ranges.",,,,,,,,,,,,,,,,,,,,,,,,,,,,,,,,,,,,,,,,,,,,,,,,,,,,,,,,,,,,
2,,2,Retail,,2.4,Pricing & Promotion Management,"Determination and management of selling prices, markdown prices and promotions, and the management of commercial rebates from suppliers",,,,,,,,,,,,,,,,,,,,,,,,,,,,,,,,,,,,,,,,,,,,,,,,,,,,,,,,,,,,,,,
2,,2,Retail,,2.4,Pricing & Promotion Management,,2.4.1,Price Planning,Optimizing regular selling prices and markdown prices based on pricing strategy.,,,,,,,,,,,,,,,,,,,,,,,,,,,,,,,,,,,,,,,,,,,,,,,,,,,,,,,,,,,,
2,,2,Retail,,2.4,Pricing & Promotion Management,,2.4.2,Price Management,The ability to get the correct selling and markdown pricing to every selling channel for subsequent selling activities,,,,,,,,,,,,,,,,,,,,,,,,,,,,,,,,,,,,,,,,,,,,,,,,,,,,,,,,,,,,
2,,2,Retail,,2.4,Pricing & Promotion Management,,2.4.3,Promotions Planning,"Determination of optimized promotional activity, based on promotional strategy.  Simulation forecasting to assist in the planning of promotions.",,,,,,,,,,,,,,,,,,,,,,,,,,,,,,,,,,,,,,,,,,,,,,,,,,,,,,,,,,,,
2,,2,Retail,,2.4,Pricing & Promotion Management,,2.4.4,Promotions Management,"For every promotional calendar period, manage the process of determining, forecasting and approving the promotions that will be executed.  Set the detailed parameters of the promotion and distribute these to every selling channel for subsequent promotion and selling activities.",,,,,,,,,,,,,,,,,,,,,,,,,,,,,,,,,,,,,,,,,,,,,,,,,,,,,,,,,,,,
2,,2,Retail,,2.4,Pricing & Promotion Management,,2.4.5,Supplier Funding Management,Management of supplier/partner contributions for commercial initiatives across retail and pharmacy & healthcare. ,,,,,,,,,,,,,,,,,,,,,,,,,,,,,,,,,,,,,,,,,,,,,,,,,,,,,,,,,,,,
2,,2,Retail,,2.5,Store Operations Management,Enabling processes for effective management of a store,,,,,,,,,,,,,,,,,,,,,,,,,,,,,,,,,,,,,,,,,,,,,,,,,,,,,,,,,,,,,,,
2,,2,Retail,,2.5,Store Operations Management,,2.5.1,Store Operations Planning,Co-ordination planning by field leadership of stores operations improvements and interventions e.g audits,,,,,,,,,,,,,,,,,,,,,,,,,,,,,,,,,,,,,,,,,,,,,,,,,,,,,,,,,,,,
2,,2,Retail,,2.5,Store Operations Management,,2.5.2,Store Workforce Management,"Manage store labour budget, forecasting of labour needs, scheduling labour and capturing attendance, and co-ordination management of the lifecycle and day-to-day tasks of store associates.",,,,,,,,,,,,,,,,,,,,,,,,,,,,,,,,,,,,,,,,,,,,,,,,,,,,,,,,,,,,
2,,2,Retail,,2.5,Store Operations Management,,2.5.3,Store Communication Management,Manages the ability to communicate corporate instructions to stores in order to execute the merchandize and pricing plans.,,,,,,,,,,,,,,,,,,,,,,,,,,,,,,,,,,,,,,,,,,,,,,,,,,,,,,,,,,,,
2,,2,Retail,,2.5,Store Operations Management,,2.5.4,Store Merchandising & Pricing Execution,"Executing and controlling compliance to the changes of price labels, signage and store layout/product display based on new/revised fllorplans and planograms.
",,,,,,,,,,,,,,,,,,,,,,,,,,,,,,,,,,,,,,,,,,,,,,,,,,,,,,,,,,,,
2,,2,Retail,,2.5,Store Operations Management,,2.5.5,Store Cash Management,"Daily reconciliation and handling of cash in the store, and managing bank and safe balances.",,,,,,,,,,,,,,,,,,,,,,,,,,,,,,,,,,,,,,,,,,,,,,,,,,,,,,,,,,,,
2,,2,Retail,,2.5,Store Operations Management,,2.5.6,Store Order Fulfillment,"The ability to fulfill a customer's order within a store. This includes the pick/pack of an online retail and the store collection/pick up of parcels across all channels (retail, pharmacy, photo, partner, lockers).",,,,,,,,,,,,,,,,,,,,,,,,,,,,,,,,,,,,,,,,,,,,,,,,,,,,,,,,,,,,
2,,2,Retail,,2.5,Store Operations Management,,2.5.7,Store Inventory Management,"The ability to manage the physical inventory within the stores, across Retail front of store and pharmacy. This includes ther local ordering, receiving, transferring, returns, counting/adjustment and shelf management to optimize store inventory levels. ",,,,,,,,,,,,,,,,,,,,,,,,,,,,,,,,,,,,,,,,,,,,,,,,,,,,,,,,,,,,
2,,2,Retail,,2.5,Store Operations Management,,2.5.8,Store 3rd Party Services Management,"Enablemment of 3rd party services from stores e.g. FedEx, Western Union",,,,,,,,,,,,,,,,,,,,,,,,,,,,,,,,,,,,,,,,,,,,,,,,,,,,,,,,,,,,
2,,2,Retail,,2.5,Store Operations Management,,2.5.9,Store Retail Consultation Execution,"The execution of non-pharmacy consultation services inside the stores including beauty, general wellness/well-being etc.",,,,,,,,,,,,,,,,,,,,,,,,,,,,,,,,,,,,,,,,,,,,,,,,,,,,,,,,,,,,
3,,3,Patient Care Services,Delivery of prescriptions for medical marijuana and healthcare consulting services,,,,,,,,,,,,,,,,,,,,,,,,,,,,,,,,,,,,,,,,,,,,,,,,,,,,,,,,,,,,,,,,,,
3,,3,Patient Care Services,,3.1,Dispensing Management,"Management of the delivery of pharmacy services including prescriptions, clinical services and products",,,,,,,,,,,,,,,,,,,,,,,,,,,,,,,,,,,,,,,,,,,,,,,,,,,,,,,,,,,,,,,
3,,3,Patient Care Services,,3.1,Dispensing Management,,3.1.1,Intake Management,"Provide the means for various types of prescribers to submit prescriptions to be filled for customers.  May include customer drop off, mail, fax, various means of electronic submission, etc. Includes data matching and determining if central fulfillment is indicated",,,,,,,,,,,,,,,,,,,,,,,,,,,,,,,,,,,,,,,,,,,,,,,,,,,,,,,,,,,,
3,,3,Patient Care Services,,3.1,Dispensing Management,,3.1.2,Prescription Management,"Provide the means of assembling and dispensing prescriptions for customers that are ready for delivery such as pick up, mail or other parcel delivery services",,,,,,,,,,,,,,,,,,,,,,,,,,,,,,,,,,,,,,,,,,,,,,,,,,,,,,,,,,,,
3,,3,Patient Care Services,,3.1,Dispensing Management,,3.1.3,Dispensing Lifecycle Management,"Provide the means of dispensing drugs, services and products for patients. The lifecycle of multispecialty clinical services such as opticians, hearing and care home are included here.",,,,,,,,,,,,,,,,,,,,,,,,,,,,,,,,,,,,,,,,,,,,,,,,,,,,,,,,,,,,
3,,3,Patient Care Services,,3.2,Patient Care Service Management,Delivery of various care services to [...] patients,,,,,,,,,,,,,,,,,,,,,,,,,,,,,,,,,,,,,,,,,,,,,,,,,,,,,,,,,,,,,,,
3,,3,Patient Care Services,,3.2,Patient Care Service Management,,3.2.1,Appointment Services Management,Management of the complex appointment and scheduling services that allow patients and pharmacists to  book consultations or visits.,,,,,,,,,,,,,,,,,,,,,,,,,,,,,,,,,,,,,,,,,,,,,,,,,,,,,,,,,,,,
3,,3,Patient Care Services,,3.2,Patient Care Service Management,,3.2.2,Patient Intake Management,Ability to intake and manage new patients and can include adding prescriptions to the appropriate patient.,,,,,,,,,,,,,,,,,,,,,,,,,,,,,,,,,,,,,,,,,,,,,,,,,,,,,,,,,,,,
3,,3,Patient Care Services,,3.2,Patient Care Service Management,,3.2.3,Consultation Services Management,Execution of pharmacy and healthcare consultations through various channels with a pharmacist or clinician.,,,,,,,,,,,,,,,,,,,,,,,,,,,,,,,,,,,,,,,,,,,,,,,,,,,,,,,,,,,,
3,,3,Patient Care Services,,3.2,Patient Care Service Management,,3.2.4,Lab Test Management,Management of lab work from internal pharmacists or network clinicians,,,,,,,,,,,,,,,,,,,,,,,,,,,,,,,,,,,,,,,,,,,,,,,,,,,,,,,,,,,,
3,,3,Patient Care Services,,3.2,Patient Care Service Management,,3.2.5,Patient Immunization,Provides the ability to process and administer immunizations along with meeting post administration requirements.,,,,,,,,,,,,,,,,,,,,,,,,,,,,,,,,,,,,,,,,,,,,,,,,,,,,,,,,,,,,
3,,3,Patient Care Services,,3.2,Patient Care Service Management,,3.2.6,Patient Treatment Management,"A detailed plan with information about a patient's disease, the goal of treatment, the treatment options for the disease and possible side effects, and the expected length of treatment.",,,,,,,,,,,,,,,,,,,,,,,,,,,,,,,,,,,,,,,,,,,,,,,,,,,,,,,,,,,,
3,,3,Patient Care Services,,3.2,Patient Care Service Management,,3.2.7,Patient Information Management,"A longitudinal health record comprising 1st party & 3rd party health information relating to a patient. This can include patient health records, EMR, self-reported patient data etc",,,,,,,,,,,,,,,,,,,,,,,,,,,,,,,,,,,,,,,,,,,,,,,,,,,,,,,,,,,,
3,,3,Patient Care Services,,3.2,Patient Care Service Management,,3.2.8,Population Health Management,"Population health has been defined as ""the health outcomes of a group of individuals, including the distribution of such outcomes within the group.",,,,,,,,,,,,,,,,,,,,,,,,,,,,,,,,,,,,,,,,,,,,,,,,,,,,,,,,,,,,
3,,3,Patient Care Services,,3.3,Administrative Service Management,Management of the administrative processes during the lifecycle of the patient's care with [...],,,,,,,,,,,,,,,,,,,,,,,,,,,,,,,,,,,,,,,,,,,,,,,,,,,,,,,,,,,,,,,
3,,3,Patient Care Services,,3.3,Administrative Service Management,,3.3.1,Drug Formulary Management,"Define, and maintain over time, information describing the pharmacy products and services that are covered as part of a third-party agreement.",,,,,,,,,,,,,,,,,,,,,,,,,,,,,,,,,,,,,,,,,,,,,,,,,,,,,,,,,,,,
3,,3,Patient Care Services,,3.3,Administrative Service Management,,3.3.2,Prescription Adjudication,"After a bill for services is submitted to the payer of the service (insurance compnay, governements, charities, etc.) the payer determines their financial responsibility for the payment to the provider of the service. ",,,,,,,,,,,,,,,,,,,,,,,,,,,,,,,,,,,,,,,,,,,,,,,,,,,,,,,,,,,,
3,,3,Patient Care Services,,3.3,Administrative Service Management,,3.3.3,Partner Billing Management,"Management of all the 3rd party partners that are billed for pharmacy & healthcare prescriptions, services and products provide to the customer",,,,,,,,,,,,,,,,,,,,,,,,,,,,,,,,,,,,,,,,,,,,,,,,,,,,,,,,,,,,
3,,3,Patient Care Services,,3.3,Administrative Service Management,,3.3.4,Government Billing Services Management,"Management of the government entities that are billed for the pharmacy & healthcare prescriptions, services and products provided to the customer. This includes entities and agreements such as CMS, 340B, NHS and Medicare.",,,,,,,,,,,,,,,,,,,,,,,,,,,,,,,,,,,,,,,,,,,,,,,,,,,,,,,,,,,,
3,,3,Patient Care Services,,3.4,Healthcare Operations Management,Management of the backend operations to enable the delivery of pharmacy and healthcare services,,,,,,,,,,,,,,,,,,,,,,,,,,,,,,,,,,,,,,,,,,,,,,,,,,,,,,,,,,,,,,,
3,,3,Patient Care Services,,3.4,Healthcare Operations Management,,3.4.1,Adult Use Locations,Management of the store locations that are able to deliver the care to prescriptions and care to patients or partners.,,,,,,,,,,,,,,,,,,,,,,,,,,,,,,,,,,,,,,,,,,,,,,,,,,,,,,,,,,,,
3,,3,Patient Care Services,,3.4,Healthcare Operations Management,,3.4.2,Prescription Entry Management,"Execute the steps required for data entry and workflow to fill a prescription in a retail, central, or speciality pharmacy.  Steps may include: data entry, data review, work queue management, utilization review, adjudication, filling, and verification, and dispensing.",,,,,,,,,,,,,,,,,,,,,,,,,,,,,,,,,,,,,,,,,,,,,,,,,,,,,,,,,,,,
3,,3,Patient Care Services,,3.4,Healthcare Operations Management,,3.4.3,Patient Insurance Management,Ability to accept and manage the insurance providers from the patient,,,,,,,,,,,,,,,,,,,,,,,,,,,,,,,,,,,,,,,,,,,,,,,,,,,,,,,,,,,,
3,,3,Patient Care Services,,3.4,Healthcare Operations Management,,3.4.4,Prescriber Management,Management of clinicians who will write scripts for patients to receive medication.,,,,,,,,,,,,,,,,,,,,,,,,,,,,,,,,,,,,,,,,,,,,,,,,,,,,,,,,,,,,
3,,3,Patient Care Services,,3.4,Healthcare Operations Management,,3.4.5,Utilization Review,"Utilization review (UR) is the process of reviewing an episode of care. The review confirms that the insurance company will provide appropriate financial coverage for medical services. The UR process and the UR nurse facilitate minimizing costs. This will include drug, medical or mental health servics.",,,,,,,,,,,,,,,,,,,,,,,,,,,,,,,,,,,,,,,,,,,,,,,,,,,,,,,,,,,,
3,,3,Patient Care Services,,3.4,Healthcare Operations Management,,3.4.6,Clinical Outcomes Management,"Monitoring of Outcomes to assess patient adherence / compliance. Includes Medication Therapy Management (MTM), and Walgreens Advanced Care Program. MTM is an adherence program that allows pharmacist interventions that assist patients in reaching or exceeding adherence goals (PDC) by the end of the calendar year. Patients eligible for the Adherence Monitoring program have either become non-adherent or at risk of becoming non-adherent and benefit from ongoing consultations with a pharmacist.  Walgreens Advanced Care program which proactively addresses adherence issues by reaching out to patient for support if needed.",,,,,,,,,,,,,,,,,,,,,,,,,,,,,,,,,,,,,,,,,,,,,,,,,,,,,,,,,,,,
3,,3,Patient Care Services,,3.4,Healthcare Operations Management,,3.4.7,Clinical Decision Support,"provides clinicians, staff, patients or other individuals with knowledge and person-specific information, intelligently filtered or presented at appropriate times, to enhance health and health care. ",,,,,,,,,,,,,,,,,,,,,,,,,,,,,,,,,,,,,,,,,,,,,,,,,,,,,,,,,,,,
3,,3,Patient Care Services,,3.4,Healthcare Operations Management,,3.4.8,Medication Adherence Support,"Ability to manage compliance of a patient's prescription, medical device use, self care with compliance to local and national regulations",,,,,,,,,,,,,,,,,,,,,,,,,,,,,,,,,,,,,,,,,,,,,,,,,,,,,,,,,,,,
4,,4,Supply Chain,Planning and operation of the business supply network,,,,,,,,,,,,,,,,,,,,,,,,,,,,,,,,,,,,,,,,,,,,,,,,,,,,,,,,,,,,,,,,,,
4,,4,Supply Chain,,4.1,Supply Chain Planning,The management of the forecasting and capacity constraints of the enterprise as related to physical goods,,,,,,,,,,,,,,,,,,,,,,,,,,,,,,,,,,,,,,,,,,,,,,,,,,,,,,,,,,,,,,,
4,,4,Supply Chain,,4.1,Supply Chain Planning,,4.1.1,Integrated Business Planning,"Continuous alignment and synchronization among all functions of the organization, ensuring plans across commercial, supply , operations and finance are continuously aligned and optimised",,,,,,,,,,,,,,,,,,,,,,,,,,,,,,,,,,,,,,,,,,,,,,,,,,,,,,,,,,,,
4,,4,Supply Chain,,4.1,Supply Chain Planning,,4.1.2,Forecast & Demand Planning,"Forecasting the demand (sales) for products over time increments reflecting historic analysis inventories, seasonality and projected growth etc. Creation of predicted supply forecast taking into consideration vendor capacity  in order to satisfy the needs of the demand plan.",,,,,,,,,,,,,,,,,,,,,,,,,,,,,,,,,,,,,,,,,,,,,,,,,,,,,,,,,,,,
4,,4,Supply Chain,,4.1,Supply Chain Planning,,4.1.3,Materials Capacity Planning,"The process of determining the production capacity needed by an organization to meet changing demands for its products, and required materials to support planned production.",,,,,,,,,,,,,,,,,,,,,,,,,,,,,,,,,,,,,,,,,,,,,,,,,,,,,,,,,,,,
4,,4,Supply Chain,,4.1,Supply Chain Planning,,4.1.4,Factory Capacity Planning,The process of determining the factory capacity needed by an organization to meet changing demands for its products.,,,,,,,,,,,,,,,,,,,,,,,,,,,,,,,,,,,,,,,,,,,,,,,,,,,,,,,,,,,,
4,,4,Supply Chain,,4.2,Inventory & Replenishment Management,"The management of the replenishment activities for the enterprise, including optimizing inventory levels and allocating products",,,,,,,,,,,,,,,,,,,,,,,,,,,,,,,,,,,,,,,,,,,,,,,,,,,,,,,,,,,,,,,
4,,4,Supply Chain,,4.2,Inventory & Replenishment Management,,4.2.1,Inventory Optimization,"Develop optimal inventory levels and flow strategies that balance capital constraints / objectives and service level goals while taking demand and supply volatility into account, developing and implementing system settings to optimize inventory investment while driving sales and in stock improvements.",,,,,,,,,,,,,,,,,,,,,,,,,,,,,,,,,,,,,,,,,,,,,,,,,,,,,,,,,,,,
4,,4,Supply Chain,,4.2,Inventory & Replenishment Management,,4.2.2,Allocation Management,"Set up and manage allocations to distribute stock (a ""Push"" method) to locations and setting up further allocations to maintain stock.  May be used in conjunction with replenishment to manage stock levels.  Also included are processes to manage allocation changes as a result of seasonal or planning calendar events, which could influence demand.",,,,,,,,,,,,,,,,,,,,,,,,,,,,,,,,,,,,,,,,,,,,,,,,,,,,,,,,,,,,
4,,4,Supply Chain,,4.2,Inventory & Replenishment Management,,4.2.3,Warehouse Replenishment,"Create and execute a time-phased order plan to maintain optimal inventory levels and flow strategies for the distribution centers based on demand forecasts, supply volatility, current inventory, seasonal inventory entry/exits, promotions and other initiatives.",,,,,,,,,,,,,,,,,,,,,,,,,,,,,,,,,,,,,,,,,,,,,,,,,,,,,,,,,,,,
4,,4,Supply Chain,,4.2,Inventory & Replenishment Management,,4.2.4,Store Replenishment,"Create and execute a time-phased order plan to maintain product inventories at individual stores based on demand forecasts, current inventory, planned resets, seasonal inventory entry/exits, promotions and other initiatives.",,,,,,,,,,,,,,,,,,,,,,,,,,,,,,,,,,,,,,,,,,,,,,,,,,,,,,,,,,,,
4,,4,Supply Chain,,4.2,Inventory & Replenishment Management,,4.2.5,GNFR Purchasing Management,"The management of catalogues and the requisition, approval and ordering process for Goods Not for Resale products and services.
",,,,,,,,,,,,,,,,,,,,,,,,,,,,,,,,,,,,,,,,,,,,,,,,,,,,,,,,,,,,
4,,4,Supply Chain,,4.3,Warehouse Operations Management,The management of the operations of the physical warehouses,,,,,,,,,,,,,,,,,,,,,,,,,,,,,,,,,,,,,,,,,,,,,,,,,,,,,,,,,,,,,,,
4,,4,Supply Chain,,4.3,Warehouse Operations Management,,4.3.1,Warehouse Workforce Management,"Plan for current and future labor needs of the distribution center, forecasting labor needs, scheduling labor, analyzing scheduling and attendance and utilization, and managing to warehouse labor budget.",,,,,,,,,,,,,,,,,,,,,,,,,,,,,,,,,,,,,,,,,,,,,,,,,,,,,,,,,,,,
4,,4,Supply Chain,,4.3,Warehouse Operations Management,,4.3.2,Warehouse Task Management,"Direction for warehouse staff and non-human workers (robots/autonomous machines) to perform tasks such as stocking, picking, quality control, packing etc.  Optimization and prioritization of warehouse tasks in alignment with inventory needs.",,,,,,,,,,,,,,,,,,,,,,,,,,,,,,,,,,,,,,,,,,,,,,,,,,,,,,,,,,,,
4,,4,Supply Chain,,4.3,Warehouse Operations Management,,4.3.3,Warehouse Yard Management,"The process of coordinating and tracking truck movements within the yard, before, during and after loading/unloading.",,,,,,,,,,,,,,,,,,,,,,,,,,,,,,,,,,,,,,,,,,,,,,,,,,,,,,,,,,,,
4,,4,Supply Chain,,4.4,Transportation & Logistics Management,The management of the capabilities required to support the transportation of all goods (including controlled drugs and hazardous materials) from the company's distribution network,,,,,,,,,,,,,,,,,,,,,,,,,,,,,,,,,,,,,,,,,,,,,,,,,,,,,,,,,,,,,,,
4,,4,Supply Chain,,4.4,Transportation & Logistics Management,,4.4.1,Logistics Network Planning,"This process includes development and maintenance of network strategy by optimizing warehouse and transport hub geographical locations. It includes selection of distribution centers utilization in order to optimize efficiency and flexibility, development of flow strategy by selection and optimization of transport mode utilization, inventory holding nodes, and flow path optimization.",,,,,,,,,,,,,,,,,,,,,,,,,,,,,,,,,,,,,,,,,,,,,,,,,,,,,,,,,,,,
4,,4,Supply Chain,,4.4,Transportation & Logistics Management,,4.4.2,Logistics Network Monitoring,"This process includes monitoring, forecasting, and managing inventory flow through all distribution facilities by developing tools and processes to support timely product delivery including event and exception management. It also involves capabilities to provide real-time visibility, in-transit updates, and generating exception alerts with event status throughout supply chain (i.e. at delivery location, unloaded, departing delivery location, etc.) and managing and forecasting capacity of distribution facilities and transport lanes.",,,,,,,,,,,,,,,,,,,,,,,,,,,,,,,,,,,,,,,,,,,,,,,,,,,,,,,,,,,,
4,,4,Supply Chain,,4.4,Transportation & Logistics Management,,4.4.3,Transport Sourcing & Carrier Management,"All activities associated with selecting and managing transport carriers, including: defining selection criteria, evaluating carriers, selecting carriers, managing carrier contracts and relationships.",,,,,,,,,,,,,,,,,,,,,,,,,,,,,,,,,,,,,,,,,,,,,,,,,,,,,,,,,,,,
4,,4,Supply Chain,,4.4,Transportation & Logistics Management,,4.4.4,Fleet Management,"Covers all activities associated with managing company owned or leased transportation assets, spanning both fleet management (commercial arrangements, acquisition etc.) was well as maintenance (performance tracking, mechanical maintenance, fuel and driver management)",,,,,,,,,,,,,,,,,,,,,,,,,,,,,,,,,,,,,,,,,,,,,,,,,,,,,,,,,,,,
4,,4,Supply Chain,,4.4,Transportation & Logistics Management,,4.4.5,Import/Export Management,"Management of import purchase orders including duty calculations, import purchase order attributes, letters of credit, estimated landed cost calculation. It also includes import logistics tracking to provide visibility to import movements (e.g. booking, bill of lading, etc.), monitoring production, and managing production timing and actions for private label products.",,,,,,,,,,,,,,,,,,,,,,,,,,,,,,,,,,,,,,,,,,,,,,,,,,,,,,,,,,,,
4,,4,Supply Chain,,4.4,Transportation & Logistics Management,,4.4.6,Reverse Logistics Management,"Ability to move products backwards through the supply chain to original vendor or for disposal (destroy, salvage, donate), returns processes includes the ability to deal with products that came from Direct Ship Vendors and Drop to Marketplace, and it includes establishing product return and disposal rules, and designating a product for return to vendor or disposal.",,,,,,,,,,,,,,,,,,,,,,,,,,,,,,,,,,,,,,,,,,,,,,,,,,,,,,,,,,,,
4,,4,Supply Chain,,4.4,Transportation & Logistics Management,,4.4.7,Parcel Delivery Management,"The ability to fulfill the delivery of customer parcels from warehouse, store or other central facilities, using internal delivery network or 3rd party carriers/couriers.",,,,,,,,,,,,,,,,,,,,,,,,,,,,,,,,,,,,,,,,,,,,,,,,,,,,,,,,,,,,
5,,5,Business Services,Supporting and cross-business capabilities,,,,,,,,,,,,,,,,,,,,,,,,,,,,,,,,,,,,,,,,,,,,,,,,,,,,,,,,,,,,,,,,,,
5,,5,Business Services,,5.1,Corporate Strategy Management,The management of the overall [...] strategic initiatives including current and future subsidiaries and/or lines of business,,,,,,,,,,,,,,,,,,,,,,,,,,,,,,,,,,,,,,,,,,,,,,,,,,,,,,,,,,,,,,,
5,,5,Business Services,,5.1,Corporate Strategy Management,,5.1.1,Corporate Strategy & Planning,"Ability to engage in strategic decision making by looking across all of the business units to determine how to create the most value. There should be a consideration on how the various businesses interact/inter-relate with each other in terms of human resources, processes, technology, information and governance",,,,,,,,,,,,,,,,,,,,,,,,,,,,,,,,,,,,,,,,,,,,,,,,,,,,,,,,,,,,
5,,5,Business Services,,5.1,Corporate Strategy Management,,5.1.2,Business Portfolio Management,"Ability to strategize the set of innovations, product developments, investments etc. to fund or not to fund - to achieve business objectives. This is more broadly related to the portfolio or lines of businesses as opposed to the IT Portfolio Management of applications",,,,,,,,,,,,,,,,,,,,,,,,,,,,,,,,,,,,,,,,,,,,,,,,,,,,,,,,,,,,
5,,5,Business Services,,5.1,Corporate Strategy Management,,5.1.3,Mergers & Acquisition Management,"Evaluation and execution of merger and acquisition deals, including: financial and legal structure of the deal; financial value of assets and forecast business impacts; and any government, regulatory, commercial or labor considerations.",,,,,,,,,,,,,,,,,,,,,,,,,,,,,,,,,,,,,,,,,,,,,,,,,,,,,,,,,,,,
5,,5,Business Services,,5.2,Financial Management,The management of core financial activities from budgetary planning to reporting and reconciliation,,,,,,,,,,,,,,,,,,,,,,,,,,,,,,,,,,,,,,,,,,,,,,,,,,,,,,,,,,,,,,,
5,,5,Business Services,,5.2,Financial Management,,5.2.1,Financial Planning Management,"Define the company’s financial goals, generally over the next three to five years.  Define the funding allocated, by operating unit, to support achieving these goals.  Communicate the plan and budget appropriately throughout the company.",,,,,,,,,,,,,,,,,,,,,,,,,,,,,,,,,,,,,,,,,,,,,,,,,,,,,,,,,,,,
5,,5,Business Services,,5.2,Financial Management,,5.2.2,Financial Reporting,"Record, summarize, analyze and report on all financial transactions and balances.  Includes the general ledger of accounts, balance sheets, income statements, cash flow statements, and reconciliation of GL accounts. ",,,,,,,,,,,,,,,,,,,,,,,,,,,,,,,,,,,,,,,,,,,,,,,,,,,,,,,,,,,,
5,,5,Business Services,,5.2,Financial Management,,5.2.3,Financial Accounts Management,"Includes the broad spectrum of general accounting activities and management of financial accounts which would be used for reporting such as: General Ledger (GL), Accounts Payable/Receivable (AP/AR), Reconcialiation, Travel & Expenses, Payroll etc. Intercompany accounting of recording financial transactions between different legal entities within the same parent company would also reside here.",,,,,,,,,,,,,,,,,,,,,,,,,,,,,,,,,,,,,,,,,,,,,,,,,,,,,,,,,,,,
5,,5,Business Services,,5.2,Financial Management,,5.2.4,Fixed Asset Management,"Ability to track the location, quantity, condition, maintenance and depreciation status, etc. of a company's fixed assets for financial accounting and reporting.  A fixed asset is not purchased with the intent of immediate resale, but rather for productive use within the entity. Examples - Buildings, Computer Equipment, Land, Vehicles, HVAC Systems, etc.",,,,,,,,,,,,,,,,,,,,,,,,,,,,,,,,,,,,,,,,,,,,,,,,,,,,,,,,,,,,
5,,5,Business Services,,5.2,Financial Management,,5.2.5,Treasury Management,"The ability to define, manage and oversee policies and procedures related to cash management, bank accounts, debts and investments.  Mitigate company exposure to financial risk, including: foreign exchange risk, market risk, credit and liquidity risk, etc.",,,,,,,,,,,,,,,,,,,,,,,,,,,,,,,,,,,,,,,,,,,,,,,,,,,,,,,,,,,,
5,,5,Business Services,,5.2,Financial Management,,5.2.6,Financial Services Management,"The ability for the company to manage its financial services and credit card offerings between partners as well as customers. This includes firm offers such as own branded credit/debit card, Walgreens Cash, Gift Cards etc.",,,,,,,,,,,,,,,,,,,,,,,,,,,,,,,,,,,,,,,,,,,,,,,,,,,,,,,,,,,,
5,,5,Business Services,,5.2,Financial Management,,5.2.7,Tax Management,"Develop foreign, national, state, and local tax strategy.  Manage tax liabilities, and ensure that appropriate taxing authorities receive tax filings and payments when due.",,,,,,,,,,,,,,,,,,,,,,,,,,,,,,,,,,,,,,,,,,,,,,,,,,,,,,,,,,,,
5,,5,Business Services,,5.2,Financial Management,,5.2.8,Project Accounting,"Create financial reports specifically designed to track the financial progress of projects.  To be used by managers as an aid in project management, and finance analysts for financial planning and controls.",,,,,,,,,,,,,,,,,,,,,,,,,,,,,,,,,,,,,,,,,,,,,,,,,,,,,,,,,,,,
5,,5,Business Services,,5.3,Legal Management,"The management and support of capabilities related to laws the company operates under, the legal agreements entered into, and the regulations that need to be followed",,,,,,,,,,,,,,,,,,,,,,,,,,,,,,,,,,,,,,,,,,,,,,,,,,,,,,,,,,,,,,,
5,,5,Business Services,,5.3,Legal Management,,5.3.1,Legislation & Regulatory Management,The ability to monitor and respond appropriately to changes in the legislative or regulatory landscape as it applies to [...]'s operations ,,,,,,,,,,,,,,,,,,,,,,,,,,,,,,,,,,,,,,,,,,,,,,,,,,,,,,,,,,,,
5,,5,Business Services,,5.3,Legal Management,,5.3.2,Audit Management,"Manage internal and external audit functions to investigate and report on the existence and effectiveness of policies, procedures and control mechanisms over key company functions and risks.",,,,,,,,,,,,,,,,,,,,,,,,,,,,,,,,,,,,,,,,,,,,,,,,,,,,,,,,,,,,
5,,5,Business Services,,5.3,Legal Management,,5.3.3,Government & Industry Relations Management,"Manage relationships between company management and various government and industry groups that regulate, oversee, or otherwise potentially affect the company's business or business environment.",,,,,,,,,,,,,,,,,,,,,,,,,,,,,,,,,,,,,,,,,,,,,,,,,,,,,,,,,,,,
5,,5,Business Services,,5.3,Legal Management,,5.3.4,Contract Management,"Manage the lifecycle of contracts as well as the relationships with the partners by the company. This includes renewal, dismissal and legal action as required depending on the terms.",,,,,,,,,,,,,,,,,,,,,,,,,,,,,,,,,,,,,,,,,,,,,,,,,,,,,,,,,,,,
5,,5,Business Services,,5.3,Legal Management,,5.3.5,Records Retention Management,"Define and oversee policies and procedures for managing company information throughout its life cycle, from the time of creation or inscription to its eventual disposition.  Includes identifying, classifying, storing, securing, retrieving, tracking and destroying or permanently preserving physical and electronic documents and other records.",,,,,,,,,,,,,,,,,,,,,,,,,,,,,,,,,,,,,,,,,,,,,,,,,,,,,,,,,,,,
5,,5,Business Services,,5.4,Human Capital Management,The management of human capital through their full lifecycle,,,,,,,,,,,,,,,,,,,,,,,,,,,,,,,,,,,,,,,,,,,,,,,,,,,,,,,,,,,,,,,
5,,5,Business Services,,5.4,Human Capital Management,,5.4.1,Talent Acquisition,"Capability  to ensure an integrated approach to attracting, evaluating and firing new talent; finding and hiring people with the right skills and competencies for the positions to be filled.",,,,,,,,,,,,,,,,,,,,,,,,,,,,,,,,,,,,,,,,,,,,,,,,,,,,,,,,,,,,
5,,5,Business Services,,5.4,Human Capital Management,,5.4.2,Learning Management,Develop and deliver professional development materials and services intended to build skills and proficiencies needed by the company.  Includes the ability to assess th effectiveness of training programs.,,,,,,,,,,,,,,,,,,,,,,,,,,,,,,,,,,,,,,,,,,,,,,,,,,,,,,,,,,,,
5,,5,Business Services,,5.4,Human Capital Management,,5.4.3,Talent & Performance Management,"Ability to measure and manage individual and team performance, link individual and team performance to organizational goals and mission statements.  Enable line managers to carry out staff performance appraisal responsibilities.",,,,,,,,,,,,,,,,,,,,,,,,,,,,,,,,,,,,,,,,,,,,,,,,,,,,,,,,,,,,
5,,5,Business Services,,5.4,Human Capital Management,,5.4.4,Compensation & Benefits Management,"Design and execute compensation programs that attract, retain and compensate employees in a fair and competitive manner.  Includes determination of eligibility for both monetary and non-monetary incentives such as performance-based bonuses and service awards.",,,,,,,,,,,,,,,,,,,,,,,,,,,,,,,,,,,,,,,,,,,,,,,,,,,,,,,,,,,,
5,,5,Business Services,,5.4,Human Capital Management,,5.4.5,Time Management,"Collect and report employee and contractor working hours and paid non-working hours (vacation, sick, etc).  Generally for use in payroll, benefits determination, and contract labor payments.",,,,,,,,,,,,,,,,,,,,,,,,,,,,,,,,,,,,,,,,,,,,,,,,,,,,,,,,,,,,
5,,5,Business Services,,5.4,Human Capital Management,,5.4.6,HR Records & Reporting,"Ability to manage, retain, and dispose of human resource records (both paper & electronic) in accordance with corporate policies, and to manage reporting supporting Human Resources functions.",,,,,,,,,,,,,,,,,,,,,,,,,,,,,,,,,,,,,,,,,,,,,,,,,,,,,,,,,,,,
5,,5,Business Services,,5.4,Human Capital Management,,5.4.7,Succession Planning,Develop and maintain plans to ensure a continuous flow of qualified candidates to fill critical positions.,,,,,,,,,,,,,,,,,,,,,,,,,,,,,,,,,,,,,,,,,,,,,,,,,,,,,,,,,,,,
5,,5,Business Services,,5.5,Corporate Support Management,The management of the broad corporate activities required to operate the business,,,,,,,,,,,,,,,,,,,,,,,,,,,,,,,,,,,,,,,,,,,,,,,,,,,,,,,,,,,,,,,
5,,5,Business Services,,5.5,Corporate Support Management,,5.5.1,"Corporate Governance, Risk and Compliance Management","Oversee the company's coordinated strategy for managing the broad issues of corporate governance, enterprise risk management, and corporate compliance with regard to regulatory requirements.",,,,,,,,,,,,,,,,,,,,,,,,,,,,,,,,,,,,,,,,,,,,,,,,,,,,,,,,,,,,
5,,5,Business Services,,5.5,Corporate Support Management,,5.5.2,Business Continuity Planning,"Plan & prepare for  activities which are intended to ensure that the organisation’s critical functions will either continue, or will be recovered to an operational state within a business-defined timeframe in the event of a threat or disaster.",,,,,,,,,,,,,,,,,,,,,,,,,,,,,,,,,,,,,,,,,,,,,,,,,,,,,,,,,,,,
5,,5,Business Services,,5.5,Corporate Support Management,,5.5.3,Corporate Communications Management,"Manage information and communications between company management and the general public to maintain its image and position within the communities served, as well as internal communications to employees from company management.",,,,,,,,,,,,,,,,,,,,,,,,,,,,,,,,,,,,,,,,,,,,,,,,,,,,,,,,,,,,
5,,5,Business Services,,5.5,Corporate Support Management,,5.5.4,Corporate Social Responsibility Management,Ability to take responsibility for the impacts of business operations and develop strategies on society and environmental issues.,,,,,,,,,,,,,,,,,,,,,,,,,,,,,,,,,,,,,,,,,,,,,,,,,,,,,,,,,,,,
5,,5,Business Services,,5.6,Physical Asset Management,The management of the physical assets owned by the business to provide value,,,,,,,,,,,,,,,,,,,,,,,,,,,,,,,,,,,,,,,,,,,,,,,,,,,,,,,,,,,,,,,
5,,5,Business Services,,5.6,Physical Asset Management,,5.6.1,Real Estate Management,"Plan for the acquisition (or lease), development, use and disposition of real-estate assets in accordance with the company's primary business objectives.",,,,,,,,,,,,,,,,,,,,,,,,,,,,,,,,,,,,,,,,,,,,,,,,,,,,,,,,,,,,
5,,5,Business Services,,5.6,Physical Asset Management,,5.6.2,Facilities Planning & Construction Management,"Plan and develop real-estate assets to meet the functionality, capacity and safety requirements to support company operations.  Plan, design, and execute construction projects, including contracting and procurement, to ensure that the project successfully meets time, budget, and functional requirements.",,,,,,,,,,,,,,,,,,,,,,,,,,,,,,,,,,,,,,,,,,,,,,,,,,,,,,,,,,,,
5,,5,Business Services,,5.6,Physical Asset Management,,5.6.3,Facilities Maintenance,"Maintenance and upkeep of the facilities and its assets owned by the business. For example: HVAC repairs, leaks, light fixture changes etc",,,,,,,,,,,,,,,,,,,,,,,,,,,,,,,,,,,,,,,,,,,,,,,,,,,,,,,,,,,,
5,,5,Business Services,,5.6,Physical Asset Management,,5.6.4,Property Management,"Operate property owned by the corporation; collect rents, pay bills, utilities and taxes, coordinate repairs, develop a budget for capital improvements, bid out services, etc.",,,,,,,,,,,,,,,,,,,,,,,,,,,,,,,,,,,,,,,,,,,,,,,,,,,,,,,,,,,,
5,,5,Business Services,,5.6,Physical Asset Management,,5.6.5,Lease Management,"Manage property lease portfolio - manage payment obligations, receive and resolve notifications, lease renewals, reporting for financials and management. ",,,,,,,,,,,,,,,,,,,,,,,,,,,,,,,,,,,,,,,,,,,,,,,,,,,,,,,,,,,,
5,,5,Business Services,,5.6,Physical Asset Management,,5.6.6,Safety & Security Operations,"Implement policies, procedures, and controls to provide for the general safety of employees, partners and customers while at company facilities, and to assure the security company facilities and other real assets. This includes loss prevention within the stores and warehouses.",,,,,,,,,,,,,,,,,,,,,,,,,,,,,,,,,,,,,,,,,,,,,,,,,,,,,,,,,,,,
5,,5,Business Services,,5.6,Physical Asset Management,,5.6.7,Business License Management,"Manage application, renewal and payment for necessary store and non-store licenses required to do business, including Pharmacy and Liquor licenses, etc.  Track requirements from local, state, and federal jurisdictions or licensing authorities.  Provide reporting on compliance with license requirements.",,,,,,,,,,,,,,,,,,,,,,,,,,,,,,,,,,,,,,,,,,,,,,,,,,,,,,,,,,,,
5,,5,Business Services,,5.7,Data Services,"The management of data assets, services and usage that is consumed by the business units",,,,,,,,,,,,,,,,,,,,,,,,,,,,,,,,,,,,,,,,,,,,,,,,,,,,,,,,,,,,,,,
5,,5,Business Services,,5.7,Data Services,,5.7.1,Master Data Management,"The consolidation, control and publishing of core data domains with the most accurate and timely data available (a ‘golden version’) through matching, cleansing, harmonization, and enrichment processing to improve data consistency and quality across the [...].  This is a technology capability that aligns and integrates data across organizational and geographic boundaries.",,,,,,,,,,,,,,,,,,,,,,,,,,,,,,,,,,,,,,,,,,,,,,,,,,,,,,,,,,,,
5,,5,Business Services,,5.7,Data Services,,5.7.2,Data Quality Management,"The planning, implementation, and control of activities that apply quality management techniques to data, in order to assure it is fit for consumption and meets the needs of data consumers. ",,,,,,,,,,,,,,,,,,,,,,,,,,,,,,,,,,,,,,,,,,,,,,,,,,,,,,,,,,,,
5,,5,Business Services,,5.7,Data Services,,5.7.3,Data Governance,"The exercise of authority, control and shared decision making (planning, monitoring and enforcement) over the management of data assets.",,,,,,,,,,,,,,,,,,,,,,,,,,,,,,,,,,,,,,,,,,,,,,,,,,,,,,,,,,,,
5,,5,Business Services,,5.7,Data Services,,5.7.4,Data Catalog Management,"An organized inventory of data assets in the organization using metadata to help enterprise manage their data by collecting, organizing, accessing, and enriching metadata to support data discovery and governance.",,,,,,,,,,,,,,,,,,,,,,,,,,,,,,,,,,,,,,,,,,,,,,,,,,,,,,,,,,,,
5,,5,Business Services,,5.7,Data Services,,5.7.5,Insights Management,Knowledge an enterprise gains from analyzing sets of information pertaining to a given topic or situation that provides understandings that help the business make informed decisions and reduces risks.,,,,,,,,,,,,,,,,,,,,,,,,,,,,,,,,,,,,,,,,,,,,,,,,,,,,,,,,,,,,
5,,5,Business Services,,5.7,Data Services,,5.7.6,Enterprise Content Management,"Management the inventory, accessibility and search of the body of knowledge within the organization's intranet such as internal wikis, FAQs, policies etc",,,,,,,,,,,,,,,,,,,,,,,,,,,,,,,,,,,,,,,,,,,,,,,,,,,,,,,,,,,,
5,,5,Business Services,,5.8,Partner Management,"The management of, and collaboration with, the partners that work with the business to drive value",,,,,,,,,,,,,,,,,,,,,,,,,,,,,,,,,,,,,,,,,,,,,,,,,,,,,,,,,,,,,,,
5,,5,Business Services,,5.8,Partner Management,,5.8.1,Sourcing Management,Management of the partner sourcing lifecycle from the identified business need to the vetting and selection before they are onboarded,,,,,,,,,,,,,,,,,,,,,,,,,,,,,,,,,,,,,,,,,,,,,,,,,,,,,,,,,,,,
5,,5,Business Services,,5.8,Partner Management,,5.8.2,Onboarding Management,"Management of the onboarding process once a partner has been selected to work with the business. This includes access to the vendor portal, appropriate integration for data exchange, input of master data and other setup as necessary to begin operations",,,,,,,,,,,,,,,,,,,,,,,,,,,,,,,,,,,,,,,,,,,,,,,,,,,,,,,,,,,,
5,,5,Business Services,,5.8,Partner Management,,5.8.3,Joint Business Planning,"Working with existing partners to jointly forecast business performance for upcoming period, identifying joint or independent efforts to expand (or contract) the relationship based on business needs.",,,,,,,,,,,,,,,,,,,,,,,,,,,,,,,,,,,,,,,,,,,,,,,,,,,,,,,,,,,,
5,,5,Business Services,,5.8,Partner Management,,5.8.4,Performance Management,Oversight and management of the performance of all the organization's partners to ensure they are meeting the business needs and upholding their levels of services as defined by the contract's terms,,,,,,,,,,,,,,,,,,,,,,,,,,,,,,,,,,,,,,,,,,,,,,,,,,,,,,,,,,,,
5,,5,Business Services,,5.8,Partner Management,,5.8.5,Partner Product & Service Development,"Development of new products or services with existing or new partners such as white label product development (CPG), own branded credit/debit cards or COVID testing. Some of these could be new products or services intended to be sold to partners as sources of revenue such as data/space monetization. This should include our medical and healthcare partner servicers such as hospitals, clinical and other providers in our pharmacy network",,,,,,,,,,,,,,,,,,,,,,,,,,,,,,,,,,,,,,,,,,,,,,,,,,,,,,,,,,,,
6,,6,Consumer Product Goods (CPG),Management of raw materials to produce  merchandise that customers use up and replace on a frequent basis.,,,,,,,,,,,,,,,,,,,,,,,,,,,,,,,,,,,,,,,,,,,,,,,,,,,,,,,,,,,,,,,,,,
6,,6,Consumer Product Goods (CPG),,6.1,Product Development,"A series of steps that includes the conceptualization, design, development and marketing of newly created or rebranded goods and services.",,,,,,,,,,,,,,,,,,,,,,,,,,,,,,,,,,,,,,,,,,,,,,,,,,,,,,,,,,,,,,,
6,,6,Consumer Product Goods (CPG),,6.1,Product Development,,6.1.1,Portfolio Strategy & Planning,Leverage insights to make difficult decisions easier to oversee and employ for future activities. ,,,,,,,,,,,,,,,,,,,,,,,,,,,,,,,,,,,,,,,,,,,,,,,,,,,,,,,,,,,,
5,,6,Consumer Product Goods (CPG),,6.1,Product Development,,6.1.2,Product Monitoring,Taking these steps protects your brand by enforcing quality standards and saves money by reducing unusable product runs. ,,,,,,,,,,,,,,,,,,,,,,,,,,,,,,,,,,,,,,,,,,,,,,,,,,,,,,,,,,,,
5,,6,Consumer Product Goods (CPG),,6.1,Product Development,,6.1.3,Product Design,"Organizing the layout of packaging, product and retail interior projects related to cannabis plant use for medical or recreational purposes.",,,,,,,,,,,,,,,,,,,,,,,,,,,,,,,,,,,,,,,,,,,,,,,,,,,,,,,,,,,,
5,,6,Consumer Product Goods (CPG),,6.1,Product Development,,6.1.4,Quality Integration,"Usually, QMS documents around processes, procedures and responsibilities that ultimately direct an organization’s activities to meet customer and regulatory requirements as well as continually improve its effectiveness and efficiency.",,,,,,,,,,,,,,,,,,,,,,,,,,,,,,,,,,,,,,,,,,,,,,,,,,,,,,,,,,,,
5,,6,Consumer Product Goods (CPG),,6.1,Product Development,,6.1.5,Governance Rules & Policy Management,"Oversee GTI's production and manufacturing process that ensures adherence to regulatory and compliance to state and federal guidelines as it relates to licensure, cultivation, production, distribution, operation, sale and taxation of medical, adult-use and cannabinoid hemp.",,,,,,,,,,,,,,,,,,,,,,,,,,,,,,,,,,,,,,,,,,,,,,,,,,,,,,,,,,,,
6,,6,Consumer Product Goods (CPG),,6.2,Cultivation Management,"To nurture, help grow, and manufacturing of product(s) for dispensary operations to manage, log, and report on every movement of individual plants throughout the entire supply chain in accordance with regulatory compliance. ",,,,,,,,,,,,,,,,,,,,,,,,,,,,,,,,,,,,,,,,,,,,,,,,,,,,,,,,,,,,,,,
6,,6,Consumer Product Goods (CPG),,6.2,Cultivation Management,,6.2.1,Cultivation Standards Management,"Guidance that provides for a rigorous, comprehensive quality and safety system that provides cannabis business owners, consumers, regulators and the public with a single, concise, accepted standard that protects public health and consumer safety, and safeguards the environment.",,,,,,,,,,,,,,,,,,,,,,,,,,,,,,,,,,,,,,,,,,,,,,,,,,,,,,,,,,,,
6,,6,Consumer Product Goods (CPG),,6.2,Cultivation Management,,6.2.2,Recipe Management,Manages the complex relationships and processes related to a company’s production recipes.,,,,,,,,,,,,,,,,,,,,,,,,,,,,,,,,,,,,,,,,,,,,,,,,,,,,,,,,,,,,
5,,6,Consumer Product Goods (CPG),,6.2,Cultivation Management,,6.2.3,Dosing and Titration Management,"itration is a way to limit potential side effects by taking time to see how your body will react to a drug. In titration, the medication is started at a low dose. Every couple of weeks, the dose is raised (“up-titrated”) until the maximum effective dose (“target dose”) has been achieved or side effects occur.itration is a way to limit potential side effects by taking time to see how your body will react to a drug. In Titration, the medication is started at a low dose. Every couple of weeks, the dose is raised (“up-titrated”) until the maximum effective dose (“target dose”) has been achieved or side effects occur.",,,,,,,,,,,,,,,,,,,,,,,,,,,,,,,,,,,,,,,,,,,,,,,,,,,,,,,,,,,,
5,,6,Consumer Product Goods (CPG),,6.2,Cultivation Management,,6.2.4,Waste Management,To dispose of “leftover” remnants of raw materials that were not needed in the final product.,,,,,,,,,,,,,,,,,,,,,,,,,,,,,,,,,,,,,,,,,,,,,,,,,,,,,,,,,,,,
6,,6,Consumer Product Goods (CPG),,6.3,Production Operations Management,"Production management is the process of managing production inputs (raw materials, capital, and labor) to produce outputs (finished products).",,,,,,,,,,,,,,,,,,,,,,,,,,,,,,,,,,,,,,,,,,,,,,,,,,,,,,,,,,,,,,,
6,,6,Consumer Product Goods (CPG),,6.3,Production Management,,6.3.1,Forecasting & Production Planning,"Demand forecasting guidance providing insights into anticipated customer demand over a specific time frame to align production schedules with expected demand levels, avoiding overproduction or underproduction.",,,,,,,,,,,,,,,,,,,,,,,,,,,,,,,,,,,,,,,,,,,,,,,,,,,,,,,,,,,,
6,,6,Consumer Product Goods (CPG),,6.3,Production Management,,6.3.2,Production Policy and Rules Management," The enforcement of quality controls, ensuring they meet quality standards; cost control, monitoring and managing production costs to stay within budget; and. performance evaluation.",,,,,,,,,,,,,,,,,,,,,,,,,,,,,,,,,,,,,,,,,,,,,,,,,,,,,,,,,,,,
5,,6,Consumer Product Goods (CPG),,6.3,Production Management,,6.3.3,Production Management Monitoring,"To gain a comprehensive view of what’s happening in a factory, in real time. ",,,,,,,,,,,,,,,,,,,,,,,,,,,,,,,,,,,,,,,,,,,,,,,,,,,,,,,,,,,,
5,,6,Consumer Product Goods (CPG),,6.3,Production Management,,6.3.4,Operations Management,"The administration of business structure, practices, and processes to enhance efficiency and maximize profit managing the functions that a business needs to run effectively day-to-day, including: Overseeing multiple departments and providing goals.",,,,,,,,,,,,,,,,,,,,,,,,,,,,,,,,,,,,,,,,,,,,,,,,,,,,,,,,,,,,
5,,6,Consumer Product Goods (CPG),,6.3,Production Management,,6.3.5,Maintenance Schedule Management,The process of making sure planned work is carried out. It involves bringing all the necessary resources together to make sure tasks are completed correctly and on time.,,,,,,,,,,,,,,,,,,,,,,,,,,,,,,,,,,,,,,,,,,,,,,,,,,,,,,,,,,,,
,,6,Consumer Product Goods (CPG),,6.3,Production Management,,6.3.6,Facility Layout Planning & Management,To physically arrange resources in the manufacturing plant to meet an organization's strategic goals. ,,,,,,,,,,,,,,,,,,,,,,,,,,,,,,,,,,,,,,,,,,,,,,,,,,,,,,,,,,,,
6,,6,Consumer Product Goods (CPG),,6.3,Production Management,,6.3.7,Master Production Management Planning,"Defining the planning horizon and information processing to optimize inventory, resource utilization and capacity to produce revenue generating products.",,,,,,,,,,,,,,,,,,,,,,,,,,,,,,,,,,,,,,,,,,,,,,,,,,,,,,,,,,,,
5,,6,Consumer Product Goods (CPG),,6.3,Production Management,,6.3.8,Production Management Scheduling,A plan that helps facilitate the process of delivering products to customers and the marketplace.,,,,,,,,,,,,,,,,,,,,,,,,,,,,,,,,,,,,,,,,,,,,,,,,,,,,,,,,,,,,
5,,6,Consumer Product Goods (CPG),,6.3,Production Management,,6.3.9,Quality Control Management,"Ensures that cannabis products are free from contaminants, pesticides, heavy metals, and microbial pathogens that can pose health risks to consumers. ",,,,,,,,,,,,,,,,,,,,,,,,,,,,,,,,,,,,,,,,,,,,,,,,,,,,,,,,,,,,
5,,6,Consumer Product Goods (CPG),,6.3,Production Management,,6.3.10,Internal Logistic Management,"The management of inventory flow needed to keep up with fulfilment, consisting of: Inventory management, from warehouse receiving to returns.",,,,,,,,,,,,,,,,,,,,,,,,,,,,,,,,,,,,,,,,,,,,,,,,,,,,,,,,,,,,
6,,6,Consumer Product Goods (CPG),,6.4,Manufacturing Management,"To plan, schedule, and direct an efficient layout of equipment and flow of materials.",,,,,,,,,,,,,,,,,,,,,,,,,,,,,,,,,,,,,,,,,,,,,,,,,,,,,,,,,,,,,,,
6,,6,Consumer Product Goods (CPG),,6.4,Manufacturing Management,,6.4.1,Research and Development,"Developing new technologies and techniques that improve the productivity, quality, and environmental impact of production processes",,,,,,,,,,,,,,,,,,,,,,,,,,,,,,,,,,,,,,,,,,,,,,,,,,,,,,,,,,,,
6,,6,Consumer Product Goods (CPG),,6.4,Manufacturing Management,,6.4.2,Methods Development,"An analytical validation is a broad area which includes several parameters with multiple intricate aspects for different levels of regulatory and other requirements, based on the intended use of the developed analytical technique",,,,,,,,,,,,,,,,,,,,,,,,,,,,,,,,,,,,,,,,,,,,,,,,,,,,,,,,,,,,
6,,6,Consumer Product Goods (CPG),,6.4,Manufacturing Management,,6.4.3,Requirements Definition,"The process of gathering, understanding, refining, prioritizing, and validating everything a product or project needs to succeed.",,,,,,,,,,,,,,,,,,,,,,,,,,,,,,,,,,,,,,,,,,,,,,,,,,,,,,,,,,,,
5,,6,Consumer Product Goods (CPG),,6.4,Manufacturing Management,,6.4.4,Product Engineering,Creating and seeing a product through its entire life cycle from conception to end-of-life.,,,,,,,,,,,,,,,,,,,,,,,,,,,,,,,,,,,,,,,,,,,,,,,,,,,,,,,,,,,,
5,,6,Consumer Product Goods (CPG),,6.4,Manufacturing Management,,6.4.5,Quality Management,A method that helps businesses identify product defects and record customer concerns.,,,,,,,,,,,,,,,,,,,,,,,,,,,,,,,,,,,,,,,,,,,,,,,,,,,,,,,,,,,,
6,,6,Consumer Product Goods (CPG),,6.4,Manufacturing Management,,6.4.6,Product & Service Delivery,Services that are directly associated with a product in a sales order or a return order,,,,,,,,,,,,,,,,,,,,,,,,,,,,,,,,,,,,,,,,,,,,,,,,,,,,,,,,,,,,
6,,6,Consumer Product Goods (CPG),,6.4,Manufacturing Management,,6.4.7,Market Testing,"Evaluating a product, service, or marketing campaign in a specific market or audience before a full-scale launch.",,,,,,,,,,,,,,,,,,,,,,,,,,,,,,,,,,,,,,,,,,,,,,,,,,,,,,,,,,,,
7,,7,Wholesale Management,The part of the business that sells products at wholesale price and most times in bulk for a profit.,,,,,,,,,,,,,,,,,,,,,,,,,,,,,,,,,,,,,,,,,,,,,,,,,,,,,,,,,,,,,,,,,,
7,,7,Wholesale Management,,7.1,Wholesale Management,The part of the business that sells products at wholesale price and most times in bulk for a profit.,,,,,,,,,,,,,,,,,,,,,,,,,,,,,,,,,,,,,,,,,,,,,,,,,,,,,,,,,,,,,,,
7,,7,Wholesale Management,,7.1,Wholesale Management,,7.1.1,Deal Management,"The sales operations process of overseeing and coordinating all aspects of a deal, from start to finish. This includes identifying and pursuing opportunities, negotiating terms, and ensuring that all parties involved are satisfied with the outcome.",,,,,,,,,,,,,,,,,,,,,,,,,,,,,,,,,,,,,,,,,,,,,,,,,,,,,,,,,,,,
7,,7,Wholesale Management,,7.1,Wholesale Management,,7.1.2,Space Optimization,The strategic process of improving operations within the storage facility where products are housed to achieve efficient and effective operations. ,,,,,,,,,,,,,,,,,,,,,,,,,,,,,,,,,,,,,,,,,,,,,,,,,,,,,,,,,,,,
7,,7,Wholesale Management,,7.1,Wholesale Management,,7.1.3,Sales Processing and Execution,S series of steps that salespeople take to convert potential customers into leads and close deals.,,,,,,,,,,,,,,,,,,,,,,,,,,,,,,,,,,,,,,,,,,,,,,,,,,,,,,,,,,,,
7,,7,Wholesale Management,,7.1,Wholesale Management,,7.1.1,Distribution Strategy,"Creating tactics to combat forces that shift the basis of competition, upending traditional value propositions, enables new business models, and create high growth opportunities for GTI to be nimble and innovative enough to capitalize on them.",,,,,,,,,,,,,,,,,,,,,,,,,,,,,,,,,,,,,,,,,,,,,,,,,,,,,,,,,,,,
7,,7,Wholesale Management,,7.1,Wholesale Management,,7.1.2,Package Management,"The process of managing materials used in the production of packaging and the storage, handling, and distribution of the finished product. ",,,,,,,,,,,,,,,,,,,,,,,,,,,,,,,,,,,,,,,,,,,,,,,,,,,,,,,,,,,,
7,,7,Wholesale Management,,7.1,Wholesale Management,,7.1.3,Purchase Order Management,"An internal procurement process adopted by organizations to ensure that each and every purchase is necessary, justified and optimized for costs.",,,,,,,,,,,,,,,,,,,,,,,,,,,,,,,,,,,,,,,,,,,,,,,,,,,,,,,,,,,,
7,,7,Wholesale Management,,7.1,Wholesale Management,,7.1.4,Contract Management,The process of managing legally binding agreements between businesses from the beginning to the end.,,,,,,,,,,,,,,,,,,,,,,,,,,,,,,,,,,,,,,,,,,,,,,,,,,,,,,,,,,,,
7,,7,Wholesale Management,,7.1,Wholesale Management,,7.1.5,Inbound Transporation Management,The process of receiving and storing raw materials and components that are needed for production,,,,,,,,,,,,,,,,,,,,,,,,,,,,,,,,,,,,,,,,,,,,,,,,,,,,,,,,,,,,
7,,7,Wholesale Management,,7.1,Wholesale Management,,7.1.6,Demand Forecasting,The process of predicting how much consumers will demand for a product or service in the future.,,,,,,,,,,,,,,,,,,,,,,,,,,,,,,,,,,,,,,,,,,,,,,,,,,,,,,,,,,,,
7,,7,Wholesale Management,,7.1,Wholesale Management,,7.1.7,Sourcing Management,"Identifying the best suppliers, negotiating contracts and prices, and managing supplier relationships.",,,,,,,,,,,,,,,,,,,,,,,,,,,,,,,,,,,,,,,,,,,,,,,,,,,,,,,,,,,,
7,,7,Wholesale Management,,7.1,Wholesale Management,,7.1.8,Distribution Center Planning,A detailed strategy that outlines the steps required to move a product or service from production to the final customer.,,,,,,,,,,,,,,,,,,,,,,,,,,,,,,,,,,,,,,,,,,,,,,,,,,,,,,,,,,,,
7,,7,Wholesale Management,,7.1,Wholesale Management,,7.1.9,Distribution Center Management,"The process of overseeing the movement of goods from supplier or manufacturer to point of sale and the numerous activities and processes such as packaging, inventory, warehousing, supply chain, and logistics.",,,,,,,,,,,,,,,,,,,,,,,,,,,,,,,,,,,,,,,,,,,,,,,,,,,,,,,,,,,,
7,,7,Wholesale Management,,7.1,Wholesale Management,,7.1.10,Foreign Trade Management,"The management of international trade operations, including import and export activities.",,,,,,,,,,,,,,,,,,,,,,,,,,,,,,,,,,,,,,,,,,,,,,,,,,,,,,,,,,,,
7,,7,Wholesale Management,,7.1,Wholesale Management,,7.1.11,Drop Shipment and Tracking,"Dropshipping is a business model where items bought from an online store are shipped directly to customers by the supplier or manufacturer, and then those products are shadowed until delivered or returned.",,,,,,,,,,,,,,,,,,,,,,,,,,,,,,,,,,,,,,,,,,,,,,,,,,,,,,,,,,,,
8,,8,Technology Service Management,"Planning, management and operations of IT",,,,,,,,,,,,,,,,,,,,,,,,,,,,,,,,,,,,,,,,,,,,,,,,,,,,,,,,,,,,,,,,,,
8,,8,Technology Service Management,,8.1,Technology Solutions Management,The management of all the solutions deployed by IT,,,,,,,,,,,,,,,,,,,,,,,,,,,,,,,,,,,,,,,,,,,,,,,,,,,,,,,,,,,,,,,
8,,8,Technology Service Management,,8.1,Technology Solutions Management,,8.1.1,End User Device Management,"Provision, administer and secure end user devices (whether provided by the Company or the user) that are permitted to access Company networks, systems, and information.",,,,,,,,,,,,,,,,,,,,,,,,,,,,,,,,,,,,,,,,,,,,,,,,,,,,,,,,,,,,
8,,8,Technology Service Management,,8.1,Technology Solutions Management,,8.1.2,Infrastructure Resource Management,"Design, implement, and manage data center, cloud and network solutions and services to support IT business systems and operations.",,,,,,,,,,,,,,,,,,,,,,,,,,,,,,,,,,,,,,,,,,,,,,,,,,,,,,,,,,,,
8,,8,Technology Service Management,,8.1,Technology Solutions Management,,8.1.3,IT Asset Management,"Practices and tools that join financial, contractual and inventory functions to support life cycle management and strategic decision making for the IT environment.  Assets include all elements of software and hardware in the estate.",,,,,,,,,,,,,,,,,,,,,,,,,,,,,,,,,,,,,,,,,,,,,,,,,,,,,,,,,,,,
8,,8,Technology Service Management,,8.1,Technology Solutions Management,,8.1.4,Cloud Solutions Management,"Management of the various solutions deployed on the cloud whether its partially or fully managed by external partners. This is focused on optimizing the spend for cloud services, as well as understanding the extent of cloud capabilities being utilized",,,,,,,,,,,,,,,,,,,,,,,,,,,,,,,,,,,,,,,,,,,,,,,,,,,,,,,,,,,,
8,,8,Technology Service Management,,8.1,Technology Solutions Management,,8.1.5,Network Service Management,Maintenance and monitoring of the organization's network and attached devices to keep an optimal level of service required to operate the business. Implementation and updgrades/patches to the network would be serviced as required,,,,,,,,,,,,,,,,,,,,,,,,,,,,,,,,,,,,,,,,,,,,,,,,,,,,,,,,,,,,
8,,8,Technology Service Management,,8.1,Technology Solutions Management,,8.1.6,Collaboration Services Management,"Provision and maintain software and online services that allow people to work together effectively on common projects regardless of location, including: email, chat, virtual meeting, cooperative Task Management, etc.",,,,,,,,,,,,,,,,,,,,,,,,,,,,,,,,,,,,,,,,,,,,,,,,,,,,,,,,,,,,
8,,8,Technology Service Management,,8.1,Technology Solutions Management,,8.1.7,Automation Management,"Management of the organization's deployment of automation tools such as RPA, Power Apps and ensuring their productivity, effectiviness and optimization",,,,,,,,,,,,,,,,,,,,,,,,,,,,,,,,,,,,,,,,,,,,,,,,,,,,,,,,,,,,
8,,8,Technology Service Management,,8.2,Technology Solutions Delivery,"Development and deployment of new products, services and solutions for the organization",,,,,,,,,,,,,,,,,,,,,,,,,,,,,,,,,,,,,,,,,,,,,,,,,,,,,,,,,,,,,,,
8,,8,Technology Service Management,,8.2,Technology Solutions Delivery,,8.2.1,Application Development,Ability to provide a comprehensive solution of information technologies – based on both custom-developed or commercial products and services - to effectively and efficiently deliver business critical applications and information,,,,,,,,,,,,,,,,,,,,,,,,,,,,,,,,,,,,,,,,,,,,,,,,,,,,,,,,,,,,
8,,8,Technology Service Management,,8.2,Technology Solutions Delivery,,8.2.1,Systems Integration Development,"Ability to link together separate IT systems, services and/or software to enable all of them to share data, events, and to work functionally together.",,,,,,,,,,,,,,,,,,,,,,,,,,,,,,,,,,,,,,,,,,,,,,,,,,,,,,,,,,,,
8,,8,Technology Service Management,,8.2,Technology Solutions Delivery,,8.2.1,Solutions Deployment,"Deployment of the various technology solutions either developed in house or sourced from a partner. This includes set up of physical devices, connection to network or configuration of applications ready to be consumed by users",,,,,,,,,,,,,,,,,,,,,,,,,,,,,,,,,,,,,,,,,,,,,,,,,,,,,,,,,,,,
8,,8,Technology Service Management,,8.2,Technology Solutions Delivery,,8.2.1,DevOps Management,"Management of the principles, framework and tools necessary to optimize the organization's ability to deliver applications and technology services with the speed, agility and flexibility required to delivery business value",,,,,,,,,,,,,,,,,,,,,,,,,,,,,,,,,,,,,,,,,,,,,,,,,,,,,,,,,,,,
8,,8,Technology Service Management,,8.3,Technology Operations & Support,"The support and operations of IT products, services and solutions to the business ",,,,,,,,,,,,,,,,,,,,,,,,,,,,,,,,,,,,,,,,,,,,,,,,,,,,,,,,,,,,,,,
8,,8,Technology Service Management,,8.3,Technology Operations & Support,,8.3.1,IT Service Desk Management,"Ensures on-going availability and quality of IT services through Incident, Problem, Change, configuration and Request (including Service Desk) management.",,,,,,,,,,,,,,,,,,,,,,,,,,,,,,,,,,,,,,,,,,,,,,,,,,,,,,,,,,,,
8,,8,Technology Service Management,,8.3,Technology Operations & Support,,8.3.2,Enterprise Architecture Services,"Definition and management of Business, Application, Data, and Technology portfolios for the enterprise.  Provide oversight for the acquisition and usage of the enterprise's technology, data, and application assets with responsibility for assuring their appropriate and secure usage.",,,,,,,,,,,,,,,,,,,,,,,,,,,,,,,,,,,,,,,,,,,,,,,,,,,,,,,,,,,,
8,,8,Technology Service Management,,8.3,Technology Operations & Support,,8.3.3,Application Support & Maintenance,"Ability to provide all support needed to keep the technology environment and business applications operating at expected service levels.
Monitor the routine operation of IT systems to assure proper funciton, schedule recurring processes, and restore normal operations in the event of common failures. Includes data center facilities management.",,,,,,,,,,,,,,,,,,,,,,,,,,,,,,,,,,,,,,,,,,,,,,,,,,,,,,,,,,,,
8,,8,Technology Service Management,,8.4,Technology Planning,Oversight of the strategic imperatives IT needs to operate and support busines needs,,,,,,,,,,,,,,,,,,,,,,,,,,,,,,,,,,,,,,,,,,,,,,,,,,,,,,,,,,,,,,,
8,,8,Technology Service Management,,8.4,Technology Planning,,8.4.1,IT Portfolio Management,"Management of the portfolio of all the tools and services within the IT organization and providing strategic guidance on the investments, projects and activities",,,,,,,,,,,,,,,,,,,,,,,,,,,,,,,,,,,,,,,,,,,,,,,,,,,,,,,,,,,,
8,,8,Technology Service Management,,8.4,Technology Planning,,8.4.2,IT Financial Management,"Oversight of the expenditures, budgeting and requests required to deliver IT products, services and solutions to the organization",,,,,,,,,,,,,,,,,,,,,,,,,,,,,,,,,,,,,,,,,,,,,,,,,,,,,,,,,,,,
8,,8,Technology Service Management,,8.4,Technology Planning,,8.4.3,IT Capacity Planning,"Ability to project, monitor respond to the fluctuation of capacity requirements of IT products, services and soutions  ",,,,,,,,,,,,,,,,,,,,,,,,,,,,,,,,,,,,,,,,,,,,,,,,,,,,,,,,,,,,
8,,8,Technology Service Management,,8.4,Technology Planning,,8.4.4,IT Demand Management,"Manage interactions between IT and its clients to: align on objectives, assure the effective sharing of requirements and capabilities, coordinate project and support activities and promote trust and a positive working relationship. The demand for the service can be from customer (C4IT) or technology (IT4IT)",,,,,,,,,,,,,,,,,,,,,,,,,,,,,,,,,,,,,,,,,,,,,,,,,,,,,,,,,,,,
8,,8,Technology Service Management,,8.5,Data Operations,The management of all the operational requirement to utilize data as an asset for users and business needs,,,,,,,,,,,,,,,,,,,,,,,,,,,,,,,,,,,,,,,,,,,,,,,,,,,,,,,,,,,,,,,
8,,8,Technology Service Management,,8.5,Data Operations,,8.5.1,"Data Sourcing, Validation & Enrichment","Describe how data is collected, stored, transformed, distributed and consumed. Includes rules governing structured formats, such as databases and file systems, the tools for analyzing and reporting data.",,,,,,,,,,,,,,,,,,,,,,,,,,,,,,,,,,,,,,,,,,,,,,,,,,,,,,,,,,,,
8,,8,Technology Service Management,,8.5,Data Operations,,8.5.2,Data Lifecycle Management,"Maintain, monitor, and manage data to provide control data as an asset, as well as their processing and interactions with different applications and business processes. Ensure that the entire life cycle of data use and processing is on par with company objectives.",,,,,,,,,,,,,,,,,,,,,,,,,,,,,,,,,,,,,,,,,,,,,,,,,,,,,,,,,,,,
8,,8,Technology Service Management,,8.5,Data Operations,,8.5.3,Data Pipeline Automation,Development and maintenance of the physical and virtual infrastructure supporting the end to end automation of data between systems internal and external to the organization,,,,,,,,,,,,,,,,,,,,,,,,,,,,,,,,,,,,,,,,,,,,,,,,,,,,,,,,,,,,
8,,8,Technology Service Management,,8.5,Data Operations,,8.5.4,Data Integration & Deployment,Ability for the organization to combine multiple sources of data into a single unified view that can be utilized for business needs,,,,,,,,,,,,,,,,,,,,,,,,,,,,,,,,,,,,,,,,,,,,,,,,,,,,,,,,,,,,
8,,8,Technology Service Management,,8.5,Data Operations,,8.5.5,Data Tools & Technologies Management,Management of the suite of tools and technologies that enable data to be used as an asset for the organization,,,,,,,,,,,,,,,,,,,,,,,,,,,,,,,,,,,,,,,,,,,,,,,,,,,,,,,,,,,,
8,,8,Technology Service Management,,8.5,Data Operations,,8.5.6,AI/ML Modeling & Activation,"Development, acquisition and innovation of advanced use cases for Big Data technologies such as artificial intelligence and machine learning",,,,,,,,,,,,,,,,,,,,,,,,,,,,,,,,,,,,,,,,,,,,,,,,,,,,,,,,,,,,
8,,8,Technology Service Management,,8.6,Technology Security Management,"The management, response and mitigation of risks to the organization's information and technology assets",,,,,,,,,,,,,,,,,,,,,,,,,,,,,,,,,,,,,,,,,,,,,,,,,,,,,,,,,,,,,,,
8,,8,Technology Service Management,,8.6,Technology Security Management,,8.6.1,Identity & Access Management,"Processes and tools for identifying, authenticating and authorizing individuals or groups of people to have access to applications, systems or networks by associating user rights and restrictions with established identities.",,,,,,,,,,,,,,,,,,,,,,,,,,,,,,,,,,,,,,,,,,,,,,,,,,,,,,,,,,,,
8,,8,Technology Service Management,,8.6,Technology Security Management,,8.6.2,Information Security Management,"Manage risk and protect critical information assets from intrusions, security incidents and data loss, includes secure configurations for systems and project support. ",,,,,,,,,,,,,,,,,,,,,,,,,,,,,,,,,,,,,,,,,,,,,,,,,,,,,,,,,,,,
8,,8,Technology Service Management,,8.6,Technology Security Management,,8.6..3,Infrastructure Security Management,Manage the risk and protect non-physical assets which support the organization including installation of preventative measures and rapid response to threats,,,,,,,,,,,,,,,,,,,,,,,,,,,,,,,,,,,,,,,,,,,,,,,,,,,,,,,,,,,,
8,,8,Technology Service Management,,8.6,Technology Security Management,,8.6.4,IT Threat & Vulnerability Management,Monitoring and assessment of external or internal facing threats or vulnerabilities that can jeopardize the operations of the business. Includes the preventative and responsive measures to minimize these risks before and when they occur.,,,,,,,,,,,,,,,,,,,,,,,,,,,,,,,,,,,,,,,,,,,,,,,,,,,,,,,,,,,,
9,,9,Sustainability and Accountability Management,"Sustainability, Environment, Social and Governance Management - Topics to consider:
Current employees’ happiness, rights, representation, and quality of life
Waste produced annually
Carbon emission levels
Toxins used in the manufacturing process
Volunteerism and civic engagement
Waste and toxins created in the product life cycle
Required infrastructure to support sustainable practices",,,,,,,,,,,,,,,,,,,,,,,,,,,,,,,,,,,,,,,,,,,,,,,,,,,,,,,,,,,,,,,,,,
9,,9,Sustainability and Accountability Management,,9.1,,,,,,,,,,,,,,,,,,,,,,,,,,,,,,,,,,,,,,,,,,,,,,,,,,,,,,,,,,,,,,,,,
9,,9,Sustainability and Accountability Management,,9.1,Sustainability and Accountability Management,,,Reputation Preference Management,,,,,,,,,,,,,,,,,,,,,,,,,,,,,,,,,,,,,,,,,,,,,,,,,,,,,,,,,,,,,
9,,9,Sustainability and Accountability Management,,9.1,Sustainability and Accountability Management,,,Regulatory Management,,,,,,,,,,,,,,,,,,,,,,,,,,,,,,,,,,,,,,,,,,,,,,,,,,,,,,,,,,,,,
9,,9,Sustainability and Accountability Management,,9.1,Sustainability and Accountability Management,,,Risk Management,,,,,,,,,,,,,,,,,,,,,,,,,,,,,,,,,,,,,,,,,,,,,,,,,,,,,,,,,,,,,
9,,9,Sustainability and Accountability Management,,9.1,Sustainability and Accountability Management,,,Compliance Management,,,,,,,,,,,,,,,,,,,,,,,,,,,,,,,,,,,,,,,,,,,,,,,,,,,,,,,,,,,,,
9,,9,Sustainability and Accountability Management,,9.1,Sustainability and Accountability Management,,,Efficiency Management,,,,,,,,,,,,,,,,,,,,,,,,,,,,,,,,,,,,,,,,,,,,,,,,,,,,,,,,,,,,,
9,,9,Sustainability and Accountability Management,,9.1,Sustainability and Accountability Management,,,Brand Differentiation Management,,,,,,,,,,,,,,,,,,,,,,,,,,,,,,,,,,,,,,,,,,,,,,,,,,,,,,,,,,,,,
9,,9,Sustainability and Accountability Management,,9.1,Sustainability and Accountability Management,,,Investment Management,,,,,,,,,,,,,,,,,,,,,,,,,,,,,,,,,,,,,,,,,,,,,,,,,,,,,,,,,,,,,
9,,9,Sustainability and Accountability Management,,9.1,Sustainability and Accountability Management,,,Supply Chain Resilence,,,,,,,,,,,,,,,,,,,,,,,,,,,,,,,,,,,,,,,,,,,,,,,,,,,,,,,,,,,,,
10,,10,Marketing Management,"Marketing management involves developing and implementing strategic marketing programs, processes, and activities that align with wider business objectives, while utilizing customer insights, tracking metrics, and optimizing internal processes to achieve success.",,,,,,,,,,,,,,,,,,,,,,,,,,,,,,,,,,,,,,,,,,,,,,,,,,,,,,,,,,,,,,,,,,
10,,10,Marketing Management,,9.1,Campaign Management,"Campaign management is the process of planning, executing, tracking, and optimizing marketing campaigns to achieve business objectives. It can also refer to managing political campaigns. The goal is to ensure that marketing efforts deliver measurable results and maximize ROI. ",,,,,,,,,,,,,,,,,,,,,,,,,,,,,,,,,,,,,,,,,,,,,,,,,,,,,,,,,,,,,,,
10,,10,Marketing Management,,9.1,Campaign Management,,,Campaign Strategy,,,,,,,,,,,,,,,,,,,,,,,,,,,,,,,,,,,,,,,,,,,,,,,,,,,,,,,,,,,,,
10,,10,Marketing Management,,9.1,Campaign Management,,,Anonymization and Matching,,,,,,,,,,,,,,,,,,,,,,,,,,,,,,,,,,,,,,,,,,,,,,,,,,,,,,,,,,,,,
10,,10,Marketing Management,,9.1,Campaign Management,,,Customer Segmentation,,,,,,,,,,,,,,,,,,,,,,,,,,,,,,,,,,,,,,,,,,,,,,,,,,,,,,,,,,,,,
10,,10,Marketing Management,,9.1,Campaign Management,,,Offer Management,,,,,,,,,,,,,,,,,,,,,,,,,,,,,,,,,,,,,,,,,,,,,,,,,,,,,,,,,,,,,
8,,8,Marketing Management,,8.6,Target Management,"Target management is the process by which creating and implementing a marketing strategy that breaks a market for segments and then concentrates marketing efforts on one or a few key segments consisting of the customers whose needs and desires most closely match your product or service offerings. It can be the key to attracting new business, increasing sales, and making your business a success.",,,,,,,,,,,,,,,,,,,,,,,,,,,,,,,,,,,,,,,,,,,,,,,,,,,,,,,,,,,,,,,
10,,10,Marketing Management,,9.1,Target Management,,,Target Audience Management,,,,,,,,,,,,,,,,,,,,,,,,,,,,,,,,,,,,,,,,,,,,,,,,,,,,,,,,,,,,,
10,,10,Marketing Management,,9.1,Target Management,,,[…],,,,,,,,,,,,,,,,,,,,,,,,,,,,,,,,,,,,,,,,,,,,,,,,,,,,,,,,,,,,,
10,,10,Marketing Management,,9.1,Target Management,,,[…],,,,,,,,,,,,,,,,,,,,,,,,,,,,,,,,,,,,,,,,,,,,,,,,,,,,,,,,,,,,,
10,,10,Marketing Management,,9.1,Target Management,,,[…],,,,,,,,,,,,,,,,,,,,,,,,,,,,,,,,,,,,,,,,,,,,,,,,,,,,,,,,,,,,,
10,,10,Marketing Management,,9.1,Automation Management,,,Decision Strategy & Management,,,,,,,,,,,,,,,,,,,,,,,,,,,,,,,,,,,,,,,,,,,,,,,,,,,,,,,,,,,,,
10,,10,Marketing Management,,9.1,Automation Management,,,Dynamic Creative Personalization,,,,,,,,,,,,,,,,,,,,,,,,,,,,,,,,,,,,,,,,,,,,,,,,,,,,,,,,,,,,,
10,,10,Marketing Management,,9.1,Automation Management,,,Workflow Management,,,,,,,,,,,,,,,,,,,,,,,,,,,,,,,,,,,,,,,,,,,,,,,,,,,,,,,,,,,,,
10,,10,Marketing Management,,9.1,Asset Management,,,Digital Assement Management (DAM),,,,,,,,,,,,,,,,,,,,,,,,,,,,,,,,,,,,,,,,,,,,,,,,,,,,,,,,,,,,,
10,,10,Marketing Management,,9.1,Asset Management,,,Content Management,,,,,,,,,,,,,,,,,,,,,,,,,,,,,,,,,,,,,,,,,,,,,,,,,,,,,,,,,,,,,
10,,10,Marketing Management,,9.1,Asset Management,,,Asset Curation,,,,,,,,,,,,,,,,,,,,,,,,,,,,,,,,,,,,,,,,,,,,,,,,,,,,,,,,,,,,,
10,,10,Marketing Management,,9.1,Asset Management,,,Asset Discovery,,,,,,,,,,,,,,,,,,,,,,,,,,,,,,,,,,,,,,,,,,,,,,,,,,,,,,,,,,,,,
10,,10,Marketing Management,,9.1,Personalization Management,,,Message Personalization,,,,,,,,,,,,,,,,,,,,,,,,,,,,,,,,,,,,,,,,,,,,,,,,,,,,,,,,,,,,,
10,,10,Marketing Management,,9.1,Personalization Management,,,Omni-channel Experience,,,,,,,,,,,,,,,,,,,,,,,,,,,,,,,,,,,,,,,,,,,,,,,,,,,,,,,,,,,,,
10,,10,Marketing Management,,9.1,Personalization Management,,,Customer Journey Management,,,,,,,,,,,,,,,,,,,,,,,,,,,,,,,,,,,,,,,,,,,,,,,,,,,,,,,,,,,,,
10,,10,Marketing Management,,9.1,Marketing Attribution,,,Multi-touch Automation,,,,,,,,,,,,,,,,,,,,,,,,,,,,,,,,,,,,,,,,,,,,,,,,,,,,,,,,,,,,,
10,,10,Marketing Management,,9.1,Marketing Attribution,,,Data Visualization,,,,,,,,,,,,,,,,,,,,,,,,,,,,,,,,,,,,,,,,,,,,,,,,,,,,,,,,,,,,,
10,,10,Marketing Management,,9.1,Marketing Attribution,,,Tag Management,,,,,,,,,,,,,,,,,,,,,,,,,,,,,,,,,,,,,,,,,,,,,,,,,,,,,,,,,,,,,
10,,10,Marketing Management,,9.1,Marketing Attribution,,,Attribution Management,,,,,,,,,,,,,,,,,,,,,,,,,,,,,,,,,,,,,,,,,,,,,,,,,,,,,,,,,,,,,
,,,,,,,,,,,,,,,,,,,,,,,,,,,,,,,,,,,,,,,,,,,,,,,,,,,,,,,,,,,,,,,,,,,,,,
,,,,,,,,,,,,,,,,,,,,,,,,,,,,,,,,,,,,,,,,,,,,,,,,,,,,,,,,,,,,,,,,,,,,,,
,,,,,,,,,,,,,,,,,,,,,,,,,,,,,,,,,,,,,,,,,,,,,,,,,,,,,,,,,,,,,,,,,,,,,,
,,,,,,,,,,,,,,,,,,,,,,,,,,,,,,,,,,,,,,,,,,,,,,,,,,,,,,,,,,,,,,,,,,,,,,
,,,,,,,,,,,,,,,,,,,,,,,,,,,,,,,,,,,,,,,,,,,,,,,,,,,,,,,,,,,,,,,,,,,,,,
,,,,,,,,,,,,,,,,,,,,,,,,,,,,,,,,,,,,,,,,,,,,,,,,,,,,,,,,,,,,,,,,,,,,,,
,,,,,,,,,,,,,,,,,,,,,,,,,,,,,,,,,,,,,,,,,,,,,,,,,,,,,,,,,,,,,,,,,,,,,,
,,,,,,,,,,,,,,,,,,,,,,,,,,,,,,,,,,,,,,,,,,,,,,,,,,,,,,,,,,,,,,,,,,,,,,